J,I,TinH2,ToutH2,TinAIR,PoutAIR,DWAT
-0.012521515530532367,-0.01629471998087152,-0.004205851520147385,-0.012155798970113884,-0.00746179231494369,-0.001951893851000172,-0.006717020980156849
-0.004306551675207812,-0.005817905020550817,0.013107201901350597,0.007791816317142655,0.013434374374568743,0.0008900330697595164,0.0017657128400953026
0.006631742495447225,0.005604380453436649,-0.0035766105374151493,-0.0026298054062061722,-0.006708209670398523,-0.0011313012871322302,-0.0005038652992143971
-0.003023745902511413,-0.0019320529307171837,0.0042721791365257136,0.004893112314682031,-0.017630762556672317,0.0010213812375521115,-0.003862810507831707
-0.0028369871873008988,-0.003493328318756328,0.011051954925250447,0.0003191626012653911,0.013889555497870095,-0.005692745747889283,0.0020082834319057087
0.009983570417180902,0.009678731010674518,-0.003601988468387678,-0.0027275865815205003,-0.0037401229588870477,-0.0022397777760262408,0.0004042742939438387
-0.004248005564503631,-0.004123991897992556,-0.006601553552016579,-0.0033767987188995188,-0.003993699743749605,-0.0035084219629016897,0.007092569203698521
-0.009132591210127284,-0.01190417286728607,-0.0065263273505794615,-0.005138278574587801,-0.005184124152474649,0.0005332258627134596,0.006833753508998644
-0.002021159285970802,-3.799765072093904e-05,0.013525917443651869,0.010675915620894642,0.013144560658476103,0.010880398009721872,-0.005575957335724478
0.004356503376208398,0.00502984232015647,-0.007704612142233079,-0.0024129739003639094,-0.005439902851663448,-0.0014680887744835,-4.409719596773567e-05
0.00712451244188729,0.0072078103884762055,-0.0030167357371183707,-0.0010486271863407318,-0.006645814223282355,-0.00022060566713475593,0.0003079999088206708
-7.00573949557605e-05,0.0005348131415902833,0.021571510442705204,0.013614336460319145,0.013218923590705279,0.01356904654580663,-0.0006868381516228054
0.009929079078969992,0.009877959460181558,0.01752396083101293,0.016879809022816952,0.020926827095142275,0.016123711983085615,0.00896265649537589
-0.007068735198511837,-0.007646235802985043,-0.01141872986070741,-0.00964215050194592,-0.007767658505299011,-0.003889675014783313,-0.008183320450176773
-0.005128870555814139,-0.0037486962537199783,-0.007685022865088259,-0.005423540806300565,-0.0055183406294567255,-0.0043557974477168295,0.0016964723850895242
0.008016438107028212,0.008433372963100044,0.013200756210693864,0.016655656804719515,0.017983426427466268,0.01440175101913007,0.007806974120665977
-0.003717095541795291,-0.002631244146434228,-0.010119121758016566,-0.0019152871836459074,-0.015858483564451235,-0.007731817163331845,-0.0018590364272027325
-0.0005391411589038085,-0.0012289953457952226,0.0125578988020545,0.008321467680477224,0.015476653567907879,0.0020657754400563856,0.0032179155775578245
0.005599236721316154,0.005792134233670945,-0.009064127670913205,-0.003849020363845955,-0.005728915623717992,-0.0008662319927355279,-0.0007420062807957648
-0.011943874935927542,-0.01604424877637202,-0.011185962761848574,-0.010772046674175102,-0.006255204293236108,-0.004089972647833546,-0.008115793671427826
0.00890215700635816,0.008214408651085477,-0.0020680568865506254,0.0029844711701858978,-0.00879220592253699,0.0013278420818386683,-0.000505742248581671
0.0076993883048553455,0.006206356467581961,-0.0047629098193232265,-0.005318476578856438,-0.006974456300759791,0.0015481836450280558,-0.0012058280745313593
0.00045145483142512477,0.0010596084038892227,0.01148500392846428,0.013718924123537387,0.01783555082020528,0.013308397950551405,0.006133643929950419
0.005337539586551659,0.003950082321282649,-0.007010651454683673,-0.004331786311127936,-0.0067410524586696465,0.0021385678186718726,-0.0008776714642912553
0.00030445287671336757,0.0014031795119117524,-0.006409616793882082,-0.0004445995010419168,-0.008395866981784936,-0.0022061282695334614,-0.0006031662964156027
-0.006510238383599999,-0.006457695047799249,-0.005904764838940102,-0.004564826542282902,-0.004627723350741511,-0.0032261599750000466,0.004566344655156886
-0.001441586222452883,0.00023715533193228118,-0.00886669968335497,-0.0011787921772828,-0.0076929837659509455,0.0005359882790606245,-0.0021554369334797216
0.008460195805661305,0.006909349529345739,-0.005354818345041613,-0.004651752001520211,-0.005528194962926741,0.0005936128079278144,-0.0008220197442447003
-0.0039022730857104105,-0.004172561420136917,-0.005748788731998147,-0.004967589131664884,-0.006061847344813711,-0.0039609849614049035,-0.0014040418556632932
-0.003709283899396575,-0.0038164978012292985,-0.007656541996269106,-0.004513355520653956,-0.0048373362164766285,0.001765548150502989,0.006746886669251872
0.00040899306791484906,0.0036654400817403847,-0.006419740958221003,-0.000678421577211434,-0.007355334696121785,0.00012555434171751255,4.989900743810485e-05
-0.0048373554256206566,-0.0044467549757014535,-0.006552479042161856,-0.003628441425662075,-0.004180713998914915,-0.002454724771849408,0.005787861205688759
0.004282800811402647,0.004743451679665798,-0.003579188668674648,-0.0024356916227109967,-0.006486001281341644,-0.0021773469579738558,-0.0004625530982617875
0.008804041578094252,0.008153937520392694,0.00011752296664114097,0.003269877938418217,-0.008989536954188885,0.0004439982344984278,-0.0009814980365664392
-0.0049608570834927335,-0.0037110278655298513,-0.007097029363242062,-0.00494323412855316,-0.005414634255508061,-0.0037570653908651362,0.0016048479979090208
0.007089014183968275,0.006983766333888939,-0.008825330680566339,-0.003971320018517896,-0.0052727342382339285,-0.001494837900854617,-0.0006442516365980109
-0.0032189117574017764,-0.0011437649900778934,-0.00886740047173348,-0.0023259441456222217,-0.013990035499962849,-0.008057310869637803,-0.0026084596402114126
0.005499590239080912,0.0040671556083477275,-0.006187482963339863,-0.004595787790604399,-0.006618113460504377,0.0019013756699669921,-0.0010965008989433824
-6.500134430202433e-05,0.0005384343739844173,-0.00847424487322625,-0.003323171015782151,-0.007362008499240098,0.0010404405952187394,-0.0011985895518635264
-0.004305413817011461,-0.0019385997557999838,-0.0096867658806566,0.00045970271803958323,-0.014802671327811472,0.0024125258047172867,-0.0018016691154648778
-0.00042912641768304483,0.0009153406918578455,-0.005804355821177341,-0.00223548415333471,-0.006167566432399871,-0.001705413510316214,-0.001294337298695079
0.005301994003977645,0.006787060180223731,0.01645825028167693,0.01593186316082132,0.014412024855733105,0.013904924529425038,0.004672266164291672
0.008549400381436234,0.0065750849427895644,-0.003905322650677912,-0.0027316082785854272,-0.006427544778770909,-0.001917635206976215,-0.0003240444763451121
0.008916311152537021,0.006972005325548441,-0.005288747023092875,-0.004407047574748864,-0.0061690276792720836,0.0005810562035653347,-0.0008929588756927671
0.008380067663443957,0.009053782487977925,-0.001169286360289603,0.012614977897553543,0.01207591024721405,-0.001018019055133562,0.003123955761874097
-0.004788852766445652,-0.0035081474009079567,-0.007980472303968521,-0.005487564852571156,-0.005484149336969348,-0.004324419594796771,0.0010597785524878171
-0.000716408192026996,0.00028201329266982247,0.012910644527937517,0.009691404165470747,0.014334500673959806,0.011264002190244763,-0.005058358148903317
0.0009268315275085908,0.002619977636814883,-0.007273923080787859,-0.0011088918695838267,-0.008732219649530876,-0.0016741756801272978,0.000279064320538597
0.007778517948995304,0.005952218113756414,-0.007444011713071217,-0.004896829075255981,-0.0048616105998708315,0.0004919745483245729,-0.0011332570402958534
0.008192238283489417,0.006275843345923699,-0.007039725076945472,-0.00365387119813708,-0.004407921236190301,-0.0015779728950988262,-0.000502741683432862
-0.001911706342924046,0.0005029255235677527,0.0032987653730348256,0.01038329068448546,0.011747280467694136,0.008030830057016413,-0.002951776429964829
-0.0065701628884855985,-0.007635845753262683,-0.006677626375335822,-0.0037753094575165556,-0.004950258906190184,-0.0023061094710563716,0.0038485684618119057
0.006861423529123331,0.006422737108692491,-0.0026574965164166196,0.0007006873598631024,-0.007622517795555165,0.00044472541230006993,0.00016580976504586195
-0.0004484798040674786,0.00030923503651660077,0.012459108598077077,0.0069527088104594315,0.015592875484688353,0.0033775154288212157,0.0035986787265332404
-0.010001590645433864,-0.010017690109575986,-0.012886438458659367,-0.0111666280910769,-0.004819131221016515,0.0027846931458874943,-0.007026447937718478
0.004137044246566106,0.005372635287979038,-0.007940249233677995,-0.0029641598994431533,-0.005555035523382599,-0.002192198687364138,-0.0004385355331217257
-0.0012762936978966098,0.0013744031338495217,-0.0055131467935391025,-0.0021064222419783342,-0.0055171953958089905,-0.002551592827177418,-0.0005453074172382259
-0.0020553883182828168,0.00028867291220613405,-0.00962137076107692,-0.002270135881663481,-0.013866909218805,-0.008194111145102835,-0.00262575117421711
-0.01236804144840971,-0.017083618044002723,-0.009136487887880835,-0.009800142984929013,-0.006446506749294064,-0.0021533106092780007,-0.007720665693496124
-0.004731923315314616,-0.00419138511911487,-0.008316882593386712,-0.004635967569063242,-0.005686236145558022,-0.004191005937665069,-0.0006490302645368705
0.007368554387481652,0.006879132018137261,-0.004075515023249452,-0.004850502492931299,-0.0073181713827377955,0.0016207590530660895,-0.0005868646950543258
0.0007285217707304665,9.210721626689002e-05,-0.007320582248050087,0.0006268874171315051,-0.009028372271599382,0.0008252449180281827,0.0006236089684352232
0.009730981098846656,0.008870757292715744,-0.005903473027050489,-0.004329935556680049,-0.00694568857050892,0.0005002625586072538,0.00029841463264131167
0.006803083410433497,0.006501352033605158,-0.005714024276908748,-0.002957455793176961,-0.006038730437363033,-0.001107723655455639,-0.00019382006663024105
-0.0015768034778888443,0.0006093612178990038,-0.005522763720173331,-0.002764928256068093,-0.006820313151926415,-0.0007697209217174719,-0.0009449695256150795
-0.0022818054188568485,0.0009735659889049122,0.009178600332340598,0.010766732232523984,0.012411992024857987,0.0054759539636883665,-0.005172296667713907
0.008812549167521621,0.009190695351778725,0.003237326164148324,0.012752329174038133,0.011787737540929787,-0.0021913299796026717,-0.002211765213640187
-0.004410318694678669,-0.003962622702406246,-0.006680368476329146,-0.0038691722986668895,-0.0039120826396367,-0.0002511352545695424,0.007088675695208776
-0.0036950145662608936,-0.0014095092428548241,0.006666364623640732,0.005552487544142068,-0.01667255242795611,-0.001979168417625435,-0.00018603044185145967
-0.011977465229979273,-0.01554665601704174,-0.009801751120851587,-0.010506264886481459,-0.006188586955024517,-0.0034835553643196068,-0.008004799086628841
0.009775113729247692,0.008462693198900903,-0.002913651525228601,-0.0028913802888131555,-0.004887793311552717,-0.0022636030728015876,-6.76600413744146e-05
0.004675567031929866,0.004836208160372873,-0.006174929489645233,-0.003133847828952986,-0.006320268902247433,0.00064386258292181,-0.0005260631774775245
0.008106051895037285,0.007266202011992257,0.002040872366141746,0.0008112402992924731,-0.00993684007421962,0.0018359299378877332,-0.0014990958565724065
-0.014098227340562144,-0.017413462910906802,-0.010666481487802129,-0.010145350544220671,-0.008874804768442459,0.003563632022854808,-0.009163180056024983
0.006164357992712391,0.007364319732523585,0.018010865057481742,0.015883142456711897,0.017987100833283958,0.013084897427354976,0.004934790901059164
0.008815457788750118,0.006864686108243801,-0.004397253767733492,-0.002889327909028912,-0.006114914641029241,-0.0017759401352264626,-0.00037973700211782653
0.0016179624356269069,0.0028434040923902976,-0.0071506293392933325,-0.003397962191773421,-0.006117824253328705,0.0016534576613910995,-0.00042939768312404765
-0.011702040728861673,-0.0149869420299979,-0.0074385235726610694,-0.006792713541985285,-0.006739556725123669,0.00030282354716127985,0.003178906723028505
-0.00350928203168496,-0.0019589449984839585,0.006254004202641641,0.005138325950383091,-0.01702182710676871,-0.0004904365061124558,-0.0019557518188676134
0.009722055476820472,0.008719966574985723,-0.0053326208526144475,-0.002542724497230824,-0.0051042898207051554,-0.002324612016184674,0.0007128178390311955
-0.012262044291679377,-0.01600577857984872,-0.011537205829213307,-0.011019694934291144,-0.005854947088561294,-0.0023351954050017214,-0.007364560592934996
-0.008339167186630572,-0.008442154815934319,-0.011297976016390451,-0.01014045237422264,-0.007671919254938135,-0.00390737296060837,-0.008291482310135182
0.010772166413056531,0.011005045633650132,-0.0033689977211317054,-0.003521077544812342,-0.0054662354504825,0.0017088314422076486,0.0005963436718088704
-0.00047061870633044163,-0.0010439217094587322,-0.006672083010335088,-0.004635787853464989,-0.007727318544605976,1.4266516364129164e-06,-0.0020308357211908414
0.0062557353708495534,0.005391567145156855,-0.0032625152183762807,-0.00348810626831721,-0.006732382560058622,-0.0007261500850708594,-0.0007920920478979182
-0.0013454812861528212,-0.0022373557882662556,-0.006451820058968558,-0.004452922691901903,-0.006881042541098241,-0.000604987750964016,-0.0016124932574557106
-0.003294468753013357,-0.0033990905227347136,0.010266592406315203,0.0021282595909372566,0.013830705986781986,-0.006932202816289071,0.0020800670568011416
-0.00018158559594307874,1.193922821172911e-05,-0.0068557933317666495,-0.0013430835347568017,-0.0047089677303938935,-0.0008971350677322754,0.001678475386546757
0.0056701187798588164,0.007042004220660414,-0.00840394939560522,-0.0037387246519345,-0.004979187776828806,-0.0021453318781890374,-0.0011383994667117283
0.009767235036273423,0.00937813328515409,-0.005299619264945761,-0.0027350559779577184,-0.003629459278973852,-0.0016709097730219593,0.0001716503300724887
-0.010058220560973285,-0.01346942399929445,-0.007642220420625212,-0.00584002406485017,-0.005767838608343702,0.0008210777349268195,0.005086609602694172
0.004640723021696988,0.0049721675463142686,-0.0037545983053764,-0.003194264478121882,-0.006991999097724952,-0.0002379311355870312,-0.0008414163264812715
-0.012365376030705285,-0.014576200187038238,-0.0064197360179552255,-0.008471665940643174,-0.006236904302293972,0.00046217979629557614,9.017054848909037e-05
0.008675757686406061,0.007734064973854637,-0.004667181204413629,-0.005042574966511225,-0.006739351027506996,0.0015463180894746444,-0.001226117962670232
0.009131764965048325,0.009026081730905449,-0.004452535732754413,-0.0034704856030791766,-0.007057322398494154,-0.0018406788446108603,5.6893637199611616e-05
-0.0039883317244731676,-0.004268062253549556,-0.00824175705077243,-0.004271967254110723,-0.004240585424920554,0.0033981986281026487,0.006897681627347416
0.006911387295238051,0.007402063614287396,0.016186733783365024,0.015902916820195536,0.015950011465366027,0.013712517569631042,0.005835225500876746
0.006342118659133769,0.005919853865158924,-0.0028886019677091027,-0.0001613670183521449,-0.006654873889939757,-0.0027990198391835614,0.0010541294969539884
-0.005540996623563951,-0.004671096335650753,-0.005210743714281563,-0.0049249310001464545,-0.006067606596306155,-0.0037016404016044393,0.0002810989673530189
0.0046158829994524635,0.005108088987463381,-0.0038578557580557496,0.0009569216593949929,-0.007679923688392648,-0.0034140857977408992,0.0012578201992209628
-0.00012734819890743618,0.0015594001927575034,0.02162495574946846,0.013769901779147413,0.013756054099290455,0.011651468763949333,-0.0012187393480954237
-0.012446080183159354,-0.015921662856098247,-0.011230429947345435,-0.011109529597810407,-0.006029450770105279,-0.0009157963046149751,-0.00756255505204859
-0.009755386342426729,-0.010145408237035428,-0.011217757468922541,-0.010419782614291093,-0.007350358489824692,-0.003601884873709928,-0.008476424411322715
-0.011975004218421246,-0.0161632192448167,-0.004160061536823132,-0.011652068883894171,-0.0075727087757485,-0.003927001721201462,-0.00661441456750939
0.01083478412238944,0.011143526677105333,-0.0028578544913393507,-0.0030266575076482436,-0.005457073404031103,-0.0008354366822608732,0.0005030646757499452
-0.0009422561815397147,0.00047337624449104754,0.008812467163004087,0.00973730092953907,0.014305353279277844,0.010876887688435515,-0.005619362969983113
-0.001598776068251553,0.00046313710047161456,0.011902325342059324,0.005159253107086771,-0.0015982448016986684,-0.008262829071223653,0.0011977390302547158
-0.0025112196767637174,-0.003081973916244991,0.009856699899666133,-0.006604584413471086,0.014074085404362264,-0.002152180540977366,0.002025066240221358
-0.0002861705915094556,0.0026179454032254834,0.021895724959287818,0.011993673872240752,0.01424445728456369,0.012691161432851079,-0.0016809179948372196
0.007965770303211857,0.008023472263959325,0.008347184928762167,0.009773093950781553,-0.010340866242426123,-0.002408114585730882,0.0023103409320790295
-0.001776972276450026,-0.002861760507993653,0.010125747288531965,0.0018111241722165146,0.013958629983067518,-0.006086131408403467,0.0028984778397002165
0.004760246857860789,0.005047297351835166,-0.0103729371644832,-0.005143957705412578,-0.006216690015845772,0.0016322912635327845,-0.0006963422826537305
-0.003314794880412661,-0.005687823929152282,0.01143705663394947,0.006560396752915582,0.013195044785364575,-0.0007466322164276101,0.0022801677535242417
-0.0028532664813410726,0.0009786561469029142,0.009211449063633047,0.010670576874090067,0.012233425490981357,0.006375804135260957,-0.005083718360560107
-0.0007299528937576089,-0.0003984448901344789,-0.009389254835211339,-0.004976923617621246,-0.007633927750621276,0.004085168022956653,-0.0015190237780239133
0.008793065598619287,0.007711511943605837,0.003736016148817285,0.008604015682906932,-0.013572415852649589,0.004157188304695408,-0.0009126807664550218
0.007664902459771585,0.005881709041034946,-0.007654142960000477,-0.004879848880151912,-0.005185730530478787,0.0006633319030737966,-0.0011976679758365018
0.00663246740163238,0.006998853954130784,0.006797831614019387,0.008973634420506213,0.018003402492549694,-0.004251821898638378,0.004193528268872858
-0.003939971083636147,-0.004015991802577198,-0.008403119742442209,-0.004226643140757995,-0.003988314809501991,0.004608056899927619,0.0070384002586833
0.008366376788913766,0.00863795396793088,0.004386867100565484,0.009422580183829132,0.013866577183118416,-0.005317802067633095,0.002836077036453748
-0.0022224833211864276,0.0003775072833741463,0.011291041052149287,0.008709140601204686,0.012508433419204462,-0.0027432261165067414,-0.0033757535041812384
-0.012951628625687578,-0.016374428275208686,-0.003263667146570403,-0.010931509244990594,-0.009626152752919129,0.0028184049593285077,-0.005470527183392968
0.005849569254824421,0.005122576709432006,-0.003551277517936731,-0.003371812039360566,-0.00677906165735217,-0.00040071511126116575,-0.0007492132919170497
0.005238945687685158,0.004435364147633925,-0.008046434923772005,-0.0034939117055055127,-0.004925236082306135,-8.746698133934048e-05,-0.0005836334419123119
0.00010883381062961407,0.0013793487778373853,0.021955926733593065,0.01352762318631853,0.013253567823739728,0.013451882758645096,-0.0011233516324650281
0.01106139563413271,0.011159551614349174,-0.003986899378041161,-0.002743921345298039,-0.003286029631280686,0.0015885731071370792,0.0014526362012066423
0.005748555858202059,0.004504155767985479,-0.006023910447126646,-0.0047387004678324405,-0.006527124390805205,0.002168035468913253,-0.0010421789660481583
0.009489030280338423,0.009052342428792647,0.01653455451789924,0.016358417705141157,0.019443504021397252,0.014756999531116876,0.0034942165688612347
0.006976267452336998,0.005887783197750664,-0.007341424010954353,-0.0031495831966461287,-0.00398950186126691,-0.0025125281641253535,0.00013694259575986785
-0.004612058452758714,-0.0033334729469356784,-0.007608548599854988,-0.005312749104112154,-0.005549501224924471,-0.003710570826981657,-0.0005897632349066506
0.008343711568038412,0.00867976010521571,0.0038025270038744346,0.009248094780460216,0.013097608447748495,-0.003503679904828831,0.0027289673214111274
0.005760312367893256,0.005062636107717392,-0.008113720870410809,-0.0025167348897119465,-0.0046805601110111094,-0.002106606240290507,-0.0002123410314942561
-0.0018448030188070409,0.00014063198020218158,0.012098727571086642,0.008071123189807808,0.013286811547009919,0.0007477435674613304,-0.00289298549489278
-0.00159027221807369,-0.00016965129433802877,0.012843412477775745,0.007993164727796744,0.01236205436595943,0.003068260950606352,-0.002384958736746689
-0.0038110290977208887,-0.0033635042772741006,0.012072976861072643,-0.003185523531413894,0.013717215840374594,-0.0051723652287696716,0.0025464555625237363
0.006088535818334748,0.005586693578599049,-0.004963306132697984,-0.004859953630644648,-0.007197369319042038,0.0004974675845898816,-0.0013301639622868174
0.005705641530535261,0.007197343891915585,0.016995831216493968,0.01248155203141055,0.017724723047969678,0.014037175973988385,0.004710825268145939
-0.0029543452451716453,0.001247124156650062,0.00444952734279075,0.010514648105720923,0.011483380361666894,0.006271479251257822,-0.0050342307043231595
-0.011741713038456739,-0.016068468344672772,-0.011540086676652803,-0.01163907954666296,-0.004798855023880619,-0.004153902417067576,-0.008011954564016821
-0.0002349796800758148,0.0023670520698008744,0.016220652861683924,0.01031603820597569,0.01368396047312179,0.012913787699993556,-0.002317584494947141
-0.004084282209306303,-0.005772867164186858,0.011895781227800604,0.007590062679577129,0.013678916376808898,-4.626290300095489e-05,0.0024822319183468284
-0.0007570090577198079,0.00030520212025225983,-0.007648607526856149,-0.0019993903578345872,-0.00634456487490983,-0.001221863659776986,-0.0016386319816087595
-0.0046083683251415455,-0.004022970428036043,-0.007106056625446891,-0.0062745990537048935,-0.006238016780863619,0.0014692310470890116,-9.790289076976288e-05
0.007390291469316075,0.005894684010537444,-0.0038001392335887795,-0.00425066198682643,-0.007033378535893925,0.0007538632267648771,-0.0006776157380009173
0.0009009339650917564,0.0031880252933492335,0.02195748769920824,0.010932829409771203,0.015392271092419982,0.01296601478907743,-0.0012248837580756914
-0.0006099594234595899,-0.0005174788011107925,-0.00611270525126117,-0.0017183384759357934,-0.004519874750417978,-0.0013455926624041342,0.003413599707400485
0.006330957515226096,0.005157283652804588,-0.009942916751983047,-0.004846162633960551,-0.005793957713875919,0.0008531673733957318,-0.0008961268208941585
0.01083287330719833,0.010802191015699306,-0.0036302826621698336,-0.0032574214910552034,-0.0038970821056188223,0.0020088333697354742,0.0006325187798220518
0.010742710834778497,0.011014503453784272,-0.004016111218121751,-0.0030768636945046634,-0.0037307908615560187,0.0019289623814855866,0.0007555207193032919
-0.010557492661837434,-0.01301411858205749,-0.005811424109339111,-0.0059958774085526615,-0.0047871695465922905,-0.0031024612946539075,0.005649919849957183
-0.0020894005370949583,-0.004743988568943234,0.010421748029915138,0.007190592587928732,0.014530855859130536,-0.0009982542850048575,0.0033614940667316025
-0.004678182313481313,-0.003704432257897804,-0.0074640777041272855,-0.005011715865804379,-0.005627428345005966,-0.004138676686749164,0.001272914919172212
-0.00016478229123419625,-0.000686005061894518,0.00782000426265115,0.005363809323652379,0.015142296059663251,0.0005079120143170865,0.0036574960578380847
0.009604044726792188,0.009295066265184854,0.014766784476889802,0.016767058742801978,0.020804103308047724,0.015908861820837127,0.009013394123411095
-0.003544329768457195,-0.004635041006862377,0.008866784996219866,0.002210349858238968,0.013811231608137478,-0.0011400138662580942,0.0020529407621976367
-0.0033059292820256103,-0.00335476703943042,0.00947361924990121,0.0023900236764526272,0.013603151197755499,-0.006715240013527282,0.0020787067372128685
0.008306114244858448,0.0074610251307497735,-0.004658788973705214,-0.004325518643826344,-0.006618657450451893,0.0005567873991943028,-0.0002710890054646472
-0.0047650667486609215,-0.004108686345312206,0.008787053084417198,0.001986114562600264,0.01381322032970479,-0.0043366661661810605,0.002431778809546252
-0.0013755506116783704,-0.0021851410968692737,0.006874256042918252,-0.006594390475250107,0.013702772017629405,-0.0013458385162773065,0.0024228662166215086
-0.003259481166303467,-0.0021828000127113497,0.005009116432182511,0.005133476144368715,-0.017664106102337717,0.0006598375077635629,-0.0031007375650645526
0.004760030972475741,0.005206920161231611,-0.009972542508335278,-0.005047473139651279,-0.005898872111252073,0.0016304745381019844,-0.0003516909088315495
-0.012290745074046386,-0.01602041503919468,-0.00414420792883975,-0.011977367241388821,-0.007757176578700477,-0.0031501597849653627,-0.006631425915081925
0.0045774685755957485,0.0048470936554181185,-0.007901472154382184,-0.0027790306601911193,-0.004591673719276378,-0.001712098273139706,-0.00016058145675881138
0.009804385979992435,0.00981101310676028,-0.0052331620206938064,-0.002675394319904233,-0.0035813754823952586,-0.0022985003709578653,0.0002216721181142713
0.002028321651770921,0.0032198469182859544,0.010773429252388663,0.005115119174221403,0.0192608959089796,0.002884966283999778,0.0047258192196053955
-0.005236896523609103,-0.0045579779134574255,-0.005544490544555849,-0.0051939793072563675,-0.006074975697193392,-0.0002394924557774713,0.001379175837107688
0.00814563574538129,0.007311726456268653,0.002794084676318183,0.0074531731618035345,-0.013036576877259233,0.004317645088321517,-0.0023327143423145917
0.0111766390456412,0.010388328789014382,-0.003213547646508578,-0.00333596906875154,-0.004610679472384241,-0.00016588360206960557,-0.0005565768572064102
0.00024270774378411087,0.0013279967215552061,0.011435568847349465,0.010814678589690133,0.014157794005449495,0.007146779655237877,0.005721272148286546
0.008406465205436876,0.007498918532361328,0.0033289984159669043,0.00686077961819226,-0.013600329300010533,0.0047423727204711115,-0.001446514811027296
-0.010348929058981507,-0.014012909922117355,-0.012479738106057023,-0.010335594623018285,-0.004415336877958068,0.0008403007650576801,-0.005847413474252734
-0.003134409013566668,-0.004020921203158837,0.011481685261746987,0.0023017134222341564,0.01326882493648688,-0.006546327542289777,0.001905086664479327
0.0011577915476689833,0.0032705030074828825,-0.005884364239382268,-7.420496686474886e-05,-0.005650076821222172,-0.003355678208345898,0.0011923955711100735
0.008699118644457833,0.009024817831714315,0.000447812204292414,0.012332487413255452,0.01148617906900185,-0.0007933245315970669,0.0014180099181344476
-0.005045374005479004,-0.0034477868790566664,-0.011628289960167617,-0.005541506299281218,-0.005746746080588418,0.005184779209349369,-0.0005363384658493598
0.0039579269784028644,0.004059931492511979,-0.008258605885916348,-0.0034303984723121884,-0.005306328727639685,0.00038489417103629444,-0.00048422474747482553
-0.0008915366459605318,0.0006885844129694099,-0.008828785490584027,-0.0013265286368704613,-0.009237926992454983,0.0038800775649768687,-0.001190535711397049
0.009949639105471073,0.010225228760399921,-0.00367791018384912,-0.0029213335048739837,-0.003684376533489649,-0.002055233506724022,0.0003666571860876677
0.009351974337649952,0.008086131390542371,0.004340368324145385,0.008974148708759056,-0.014391341995721011,0.004101044401717488,0.0008127251514597306
-0.003644488220722705,-0.003195565875361466,-0.007625760174975695,-0.0043464158066813,-0.0045811723994303504,0.0016050152848363403,0.006797118377336325
0.00153232209833335,0.0035551887604839925,-0.005695853719636179,-0.0001696015647904843,-0.006171695209724371,-0.003296704632007846,-0.0007146463782139364
-0.0013980967501107072,-0.0014761114185512679,0.006216847302908143,-0.006815544592747638,0.01346397400465955,0.0003513452033227681,0.002571069056202535
-0.0016865181520731244,-0.0006274768491620409,0.013677449776643211,0.009546343280566038,0.01356243727004939,0.010730577353610979,-0.005376157997686937
-0.008500463468936632,-0.012002219171633754,-0.007411182967117515,-0.005113347635046725,-0.005269671688480075,0.00024173388967714554,0.006907172880536686
-0.0031615424429132927,-0.001039107696153944,-0.008501314299910077,-0.002547798203594149,-0.012593536837197567,-0.00795575352851726,-0.002735090492968779
0.007531009790843728,0.0077866308009633,0.0041511480488270565,0.012899888595007326,0.014131415059055834,-0.0011469885573200413,0.0032896093141981863
-0.0019094937834411429,8.13122139993183e-05,0.012086172587395314,0.00874665820324017,0.012192447465556408,-0.00022138779997231582,-0.003550650403991878
0.008531874417340633,0.008008804383313861,0.0044206844482095635,0.012185787080106727,0.014328766732094638,-0.00487608019821453,0.002814053441263245
0.00557481828406111,0.006312528211725654,-0.0042624060742549,-0.0041987655777527685,-0.006444602963885895,-0.000469950497898247,-0.001346195334742618
0.0025173520748689384,0.002839516065197248,-0.005952482660334695,-0.002655924316808819,-0.006380099811115691,-0.0021876241069294752,0.00015423596047840275
-0.000698314408704376,-0.00014310279978582615,-0.007147888928444402,-0.004988317513294592,-0.007859143802487796,0.0008230099473015784,-0.0021280471320557414
0.00016243495915258416,0.0023041739586583797,0.015481266412068121,0.013441243612335061,0.0190315907375639,0.014469330153610155,0.004386596556946025
0.006210909649564562,0.005783987995070011,-0.003614385813728675,-0.0022712136366937895,-0.006738070089370763,-0.0012617978841329993,-0.0002474673614529724
0.007096144067168204,0.006955348970054652,-0.003937803022282172,-0.00436048312613164,-0.0066642765539877665,0.0013141871182990271,0.0004964301651628773
0.009825386471085976,0.00965375816453553,-0.00451935078743085,-0.0026827254766368267,-0.003682962943211333,-0.0017034053842647251,0.0002620414882525714
0.005909985165742939,0.006025275172048643,-0.0033567116093837853,-0.003369447824213699,-0.006787632091001467,-0.0009776204136412827,-0.0007834797711749508
-0.01427098965381629,-0.017625102653532947,-0.010710642688225849,-0.010299173416260987,-0.009045273502992623,0.0030056123573044768,-0.009009024438061891
-0.004735537321985263,-0.00379119005958489,-0.007048854598380816,-0.005177075894506836,-0.005532091260404676,-0.0039976484292744835,0.001234486075450338
-0.004147130039646463,-0.002337920957025785,-0.009760374167947887,-0.0005908331029295972,-0.014559580905761711,0.0009548266787659141,-0.002188775563453533
0.007971635797838961,0.005914054220955906,-0.00521508670136563,-0.00512719368713833,-0.007324332803169586,0.00235972976794744,-0.0012258526210861783
-0.0013972322803767034,-0.0029272178405740407,0.011219555990854755,0.005976441004710013,0.012205193149406861,0.001324971927709613,-0.003888318016084242
0.0010103488864910421,0.002943830129975042,-0.007517089692673473,-0.000750407287752358,-0.009308462755136778,5.39351347422553e-05,0.00043445534599377626
-0.01149334515513437,-0.01610767473686523,-0.01065782294527089,-0.011753728178276033,-0.004537735842036733,-0.0032608565018575016,-0.00784805201469703
-0.0027689841880369397,-0.0034335434510634768,0.010780673267793195,-0.004390112674160006,0.014077453432570492,-0.0025787405299360086,0.001703571887218878
0.008359797120985847,0.008575865162429393,0.006251024294280489,0.012809728701791416,0.01334198987285454,-0.004790019090624173,0.00302418881975196
0.007608768121942762,0.0068479408302625205,-0.0026013962328148023,-0.001481991790711727,-0.006331522306007913,-0.001618403556259,0.0006737405294955694
-0.0037479425192631336,-0.0028788132930800837,-0.005728717950504477,-0.0033914627795549436,-0.004625274388649736,-0.002430318364099598,0.005840873860819346
-0.0033741329407276175,-0.002181573213940819,-0.006284659523046781,-0.0034226951275389047,-0.004496530153655529,0.0005594466358313101,0.007116303965663375
0.0016771662762399134,0.0015394498040886611,-0.005685405043889911,-0.002070375588541019,-0.0054548957893339614,-0.0015184936440400829,8.921480363518652e-05
-8.029340407689742e-05,0.001067816145632705,0.012213603752102217,0.01362446424938622,0.018723636611860738,0.013875297405475712,0.005639886613504796
0.006855763660370687,0.008302783157006706,0.005133975328769251,0.01486733237687966,0.010128333149503342,0.0033464975795766496,0.0032605520235561344
0.0003418549920595645,0.0002634392854449005,-0.006063329354845846,-0.0013285181435258083,-0.005005186432886177,-0.0014225030197016644,0.002522979882705856
-0.013195838724459941,-0.0178911430726188,-0.009662764480590808,-0.010317958225384482,-0.007533807588416606,0.0008535391964140916,-0.007891246841030191
-0.00412738647165499,-0.003092064117587634,-0.007696153077563615,-0.004238715454427098,-0.005527100744899814,-0.003611182972629541,-0.0016480479806945017
-0.014003398198874892,-0.018180677122510553,-0.010616781179068627,-0.010396930258438086,-0.009086330592510199,-9.738072066596437e-05,-0.009582439117630593
-0.003718563035509245,-0.003108117408324368,-0.008206617064844119,-0.004564887745899804,-0.004592185086146243,0.0032297414254131335,0.00674528608354447
0.009519879451316165,0.008788265846281755,-0.0029273139514700156,-0.003392147342263666,-0.004527638331600434,-0.0003293879899871579,-0.0001701932138167226
-0.0036505828999302886,-0.0032946137286846387,-0.009945787980032896,-0.002087746458213761,-0.01597178817037842,-0.00047828931036837885,-0.0030663395830054356
-0.0024555051892767043,-0.0027177924430316553,0.011126307632248684,-0.005256715532447812,0.014048003265083951,-0.006098001062747159,0.0020551923457006877
-0.0027420405617126684,-0.003295976229403681,0.011356518878641721,-0.0001696419006990502,0.01385372523054854,-0.005769665640658802,0.0017196578178622934
-0.005089778060334507,-0.0034644394511379665,-0.007535477016211344,-0.0047234293161444165,-0.005366120854995127,-0.004005083685780611,-0.0005766771938268838
-0.0028755880018403505,-0.003755476211146718,0.0074483649949320455,-0.0036936241868696647,0.014088544789641968,-0.001177771283792936,0.0019843699824810004
-0.00757173943102819,-0.010291008046971896,-0.007278091560216819,-0.004133800918904721,-0.005254186865331164,0.00043640440248671723,0.005994853361558095
-0.009305998572708677,-0.01255992526114264,-0.007438409911020041,-0.004912101423099223,-0.004806776862001061,-0.0023800282406605242,0.0058240383469482645
-0.0037877580014774783,-0.001540195909504715,0.006813741404239671,0.004921231474710855,-0.01660613271393895,-0.002061164177728968,-0.0007728125870975182
-0.011897466824033084,-0.01622326726949738,-0.004519236268857923,-0.011510517025600976,-0.0074626577315902295,-0.0044409399994832935,-0.006554675944103689
-0.004624992199550949,-0.0034090691041343494,-0.007965384153083885,-0.005433611188932715,-0.005413257605398969,-0.004263351190659135,0.0012165531473277353
-0.004968683397925713,-0.003376674273038585,-0.008385148217019403,-0.004414234856748366,-0.005526160296274219,-0.004408655482045922,0.0003353403802668409
0.008783083814103329,0.008299997932635014,0.0040837603159002344,0.01217538630119109,0.014053259806457332,-0.004516675186972131,0.0026679406681032274
0.007765468280970457,0.008457033642354323,0.005069342776586273,0.014630583701473932,0.010550216868880434,0.0023814070471403098,0.00011339740784360361
-0.013332912583632233,-0.01591363009342806,-0.0035584625345802035,-0.010892937527470146,-0.00867412957321992,0.00034979078235834976,-0.007405751116202961
0.000845614319492493,0.0011832297972649531,-0.006903707294140851,0.0002048601991296976,-0.006898922269811559,0.00029294230070165273,0.001043823347760589
0.007252402497977545,0.005877370641564427,-0.007700125337141476,-0.0028907916830739314,-0.00417365025953086,-0.002310550036914639,0.00012201331245298442
-0.00020631221830088458,-0.0010068396278564314,-0.007358623758193295,0.0015190170632024716,-0.014249704230559258,-0.0056486816804511095,-0.002507988346956685
-0.0006405013885528408,-0.00041976469263533324,0.014480896108758978,0.00983089743745812,0.013570052481719625,0.01174107707294881,-0.0056434417001091
-0.010158362116233126,-0.01314796008070089,-0.006267879074162277,-0.005589663991534794,-0.004934669826017958,-0.0031856756606117613,0.005865878925971439
-0.003494701700077534,-0.003550255443435761,0.00781275048485492,0.001678990227601033,0.013486191766403501,-0.004251004569024126,0.0031387062342192245
0.008449808278908405,0.007843556825861676,0.002161264829203928,0.005433427949913636,-0.011287114368728946,0.0021549239260713546,-0.001841275792542891
0.004409995049223487,0.005504359332471833,0.015071325477409784,0.016291809348733047,0.01941054950545813,0.007624647348353623,0.0060135908087420396
0.008932967897209368,0.0069353116555569555,-0.005430341116061875,-0.0034150579380607393,-0.006451335657367243,-0.0013061524456998228,0.00032646715034761927
-0.005314807544123121,-0.003625672834713429,-0.01177304277198028,-0.005737740012105805,-0.005838560359623291,0.0050450737975794475,-0.0004316985593071026
-0.0028365496069674926,-0.001412140330988625,0.007620996318527843,0.0056744704934803625,-0.017386337759855885,-0.002093767685716652,0.00047380025777481443
-0.013482584257285364,-0.016342719066180143,-0.0036633689369722252,-0.0109829196945313,-0.009264832017106896,0.0007678154755009537,-0.006490641683846375
0.00013760138658224205,0.0021988803007961426,0.017549967415630356,0.008408107521326898,0.014150523590833065,0.010768884401650901,-0.0013966827740797736
0.003843889615444182,0.006708238154308094,0.011050991171978693,0.006471605676329932,-0.0006553668403190496,-0.0067017831212732104,0.002220462649415583
0.010968276673084794,0.011128212379216058,-0.00397514204376739,-0.002862518459010293,-0.0032447060607614236,0.0012377293327972244,0.0014527895185684166
-0.00037994822726153735,-0.0003345691800640769,-0.009239380186950955,-0.00070699497296498,-0.011547686018412233,0.006412091162661896,-0.001198446206954369
0.008406794112782121,0.008159646531189078,0.0068166595454319705,0.010480583557540911,-0.012189352740579942,-0.000142378090773162,0.0019437979930609698
-0.005038794604435744,-0.003701907535227435,-0.007102645506284133,-0.005673754350717813,-0.005534350791795199,-0.0036060274034433832,-0.0008593157618910903
0.006840121698213664,0.008562554352909032,0.013319479251931495,0.015538023265064281,0.01922870429947275,0.011957440402561512,0.006946063890480745
0.008145255916084702,0.008413336220438147,0.012826124281371714,0.01693412414721107,0.018904940870397548,0.014348713624157546,0.007820914046270033
0.005234499341760834,0.0051673930125588794,-0.008497680608411582,-0.003762346430891387,-0.004986583555132122,0.00037561700263631073,-0.0008672158865072821
0.008682718520705963,0.00832731348263274,-0.00590225947735947,-0.0034267334040534022,-0.009876550939855193,-0.002359917884347424,-0.0020063749047112916
0.00010190150016975907,0.001013547012896662,0.010994576273837167,0.015570777766970323,0.018307814916363945,0.013026265056500355,0.005772787598331592
0.009593791191594224,0.008717020477288968,-0.005320550822154758,-0.002692193652058215,-0.005063458561757771,-0.0023401027607666504,0.0003924881169890498
-0.01397517782407913,-0.01764677883238105,-0.006824193342701415,-0.010548350773342248,-0.008982354630922982,-0.000581870137250616,-0.007717285252805147
0.007782094743085513,0.007148955402621681,-0.003927159289980419,-0.004225338646095495,-0.006781137476733304,0.0006197170942738855,-0.00015947305230989866
-0.004509185206530742,-0.004386640936577799,0.011655638311523896,0.005901186891125709,0.013219334062910074,-0.006407135167997802,0.0021933381211619277
-0.00022067703686078394,0.0017577848473965374,-0.0066935498831957084,5.295174997920888e-06,-0.00786119624907663,-0.0030342603768148298,-0.0006048895162163988
-0.0015090767197854752,0.0007304095924197756,0.005561926052146088,0.004108094196593576,0.016414134801539415,0.009357529252047556,-0.0023134181394219256
0.0064403378396571615,0.007417482831822156,0.01613785596451406,0.015465090917600696,0.01530823494955145,0.013098837820271757,0.00598920930949093
0.008204196579755274,0.006585130991479161,-0.007520193409785737,-0.003591206145350935,-0.004226459413703399,-0.0019272206780351177,-0.00037453422796564185
-0.0022220630501951872,-0.001955919762340355,-0.008664766572806357,-0.0018737234327615647,-0.010980898900171026,-0.0033766011652688627,-0.002622677461578425
-0.00438596159953215,-0.004137133329753351,0.011894396409958437,0.005404587778266348,0.013269977894646153,-0.007886683588949867,0.0018825746087764348
0.005308292526351397,0.005082898451897929,-0.0033158842356012267,-0.0023122116917090882,-0.006453398556553625,-0.00220754419118243,-0.0004758541861355125
-0.004883605773474793,-0.0036544750150731145,-0.0071565507048036,-0.005179862194991519,-0.005448899620212491,-0.0040112520075469065,0.001650434483073994
-0.010530939435321445,-0.01566880722698959,-0.011650318881653084,-0.011294991385763552,-0.0011274281546496592,-0.004159683141049258,-0.007427064749328292
-0.0025627038272881646,-0.003214926137987893,0.010304054074989279,0.0035224034240039018,0.013605501496107964,-0.006711136996355008,0.0029969396307287666
-0.005328828911156887,-0.004335345168689544,-0.006225942882168756,-0.005811769562729328,-0.006300321832109506,0.0003996324354065189,0.0007434647541266857
-0.011874427521444507,-0.015963615719929984,-0.0042034614535990415,-0.011608398568769033,-0.0075255925789039415,-0.004383442909533935,-0.006640973233349442
-0.00596041442542738,-0.005409529451707168,-0.0070380206125282745,-0.004585676068984941,-0.00432634353512388,-0.0005900430480228031,0.0053750279806947295
0.00830625394793913,0.009187556712915728,0.0057868380245279195,0.01290433217428698,0.00827246465609647,-0.002811626729986163,-0.002997768951591796
-0.005147707013821187,-0.0038612059090062075,-0.010960272577589972,-0.00525806376677727,-0.0057773388428243805,0.003330889134889256,-0.00018867019646177962
-0.003061992355965048,-0.0036807471385351645,0.007745295265449644,0.00013212775225755568,0.013741800370309636,-0.0035597859880889477,0.0032499731136571806
-0.0017734539643221988,-0.0033408998696287384,0.01236221901714855,0.01004490970491663,0.01520994090477196,0.0009096037271704068,0.003609699909046672
-0.0025447235259503423,-0.004374166096227717,0.010442734414503512,0.005630819787532919,0.01280059732711501,-0.007212774667893267,0.0023582070516374102
-0.0023174828373930794,-0.002081695823518837,-0.007544322581569024,-0.003956743670277611,-0.005308502923939031,-0.0034434990103502463,-0.002023352793123099
-0.0021654573462667175,-0.002614389261346364,0.010741276622834271,-0.0034549486548927084,0.013608686866339221,-0.006141151142808096,0.002571433654624593
-0.005178921735961974,-0.003593866772769749,-0.011536096772967276,-0.005608190080027607,-0.005662535308764853,0.005138134942992141,-0.0006383322079396874
-0.003510247476844049,0.0006098089537212596,0.009769350742229194,0.01138909031180297,0.01150046158742519,0.010923507941401896,-0.0025552237598358003
0.009609558723505827,0.010315748832050414,-0.005789401252616316,-0.004373318896177998,-0.009161988237732746,0.0010302817578931756,-0.0017115528602004095
-0.010556315883284395,-0.012995240387213542,-0.005815180340639734,-0.005937312438769426,-0.004932375520036377,-0.0031111660803324736,0.0053559112880244885
-0.012154813918326709,-0.01622776265127607,-0.01090896309827499,-0.010650919315960551,-0.006930232275557931,-0.0038507771947134117,-0.008332874661951104
0.00927752678381778,0.007849208706541945,0.004403015348066744,0.009247456594740015,-0.014843024205478434,0.003388644843909223,0.0011359321542626561
-0.008233160777128089,-0.011666567256823496,-0.007369558232923064,-0.004782205114050476,-0.004960158727666879,-0.002386766008380421,0.0053647524495456815
0.00797962841702495,0.006249321145246711,0.00149384036196897,0.0009764060744488464,-0.009956313435376158,0.003313925349190829,-0.0017823039630356977
0.011038463733587453,0.011193006357215615,-0.003989780292878165,-0.0029287972638121136,-0.0032942520234881334,0.001579497949575161,0.0014439753553453921
-0.011943420965551491,-0.016141185194595533,-0.009782125958516644,-0.01023636362570131,-0.006069727271853966,-0.0027320005738644313,-0.008001900197556571
0.003947853900477879,0.004399269034621982,-0.008068845869408151,-0.0032327084098939625,-0.0052898541781226695,0.00028560171020217823,-0.0005564649600090747
-0.0048375852473257755,-0.0035174232166773982,-0.007958804180044807,-0.004573299932693452,-0.005580372779208875,-0.0037060727416085635,-0.0007011281024033245
0.008041605062146167,0.008856397467963985,0.003778413120803336,0.014069645233290297,0.007721045173695676,0.0001836405790214812,0.000531523481856802
-0.001170097539743779,0.00040717812950456106,-0.008930094050171419,-0.0013791821867635147,-0.009032813942788107,0.005632368377437173,-0.0014942448670405653
-0.0034564021778155803,-0.0015539738688618032,-0.009045542986710172,-0.0025320161221874236,-0.013995932622905525,-0.008291571603538325,-0.002073481732702484
0.0013099990603800086,0.0019850584982890568,-0.007471098632310385,-0.00012207943712338418,-0.008988653894642037,-0.0010872040153326083,0.0002903065734793535
-0.012159799892516844,-0.01618539395884909,-0.005484067347485241,-0.011565112694299192,-0.006816145439326911,0.0006346664010825267,-0.006560098526307203
0.010683830510287795,0.010647374405361683,-0.0040487180092407754,-0.0035069191672875586,-0.0046160848200416955,0.002033900852414396,0.0002698642485251023
0.007266224003000013,0.006170686904457612,-0.005182002621137744,-0.004985893782918887,-0.006369434849566407,0.0012650155744099373,-0.0009081601546370047
-0.0035665457442479015,-0.001460164182610009,-0.008892714892510901,-0.002625770805048476,-0.014342135647525685,-0.007969644694498897,-0.0016104036242256378
0.004076971701800833,0.004356300979590856,0.014142535325341491,0.015621334287816391,0.01668320951334373,0.013249875405440549,0.004481618903498209
0.008362677839401117,0.00858101907151468,0.0035431324888790276,0.009884049064808617,0.01309162907224026,-0.0035318137959043385,0.0025975042900959096
0.006264104481282159,0.0076223500950496695,0.014161013298167177,0.015955842440517076,0.02001699560148967,0.009488384427544483,0.005784756418624198
0.006556377744873829,0.006842489387023159,0.004283931122056632,0.010993908057380852,0.01747191824159585,-0.001327442084191192,0.004551684258858688
-0.001704722088118072,0.000552471044031959,-0.005649180359565024,-0.0027679358553078692,-0.006791955708897427,-0.0006064944784097874,-0.0007883768296785721
0.0001259159043812164,0.0012575455889750628,-0.00673427841018984,-0.00037254058677905534,-0.008486234356343166,-0.002415474195310052,-0.0004675103636986059
-0.004103288245431785,-0.003530226455414457,-0.010224046876249929,-0.0026521615446008827,-0.016008404156316387,-0.002948523971938969,-0.0036016222611281795
0.0075761589195619625,0.0059446540864793885,-0.007276735724394424,-0.004789353142142231,-0.004721200607914053,0.0004778152823977628,-0.001086668448528688
0.007815523862301289,0.006382414519777435,-0.006762200155091605,-0.004878364582282959,-0.006404029153273221,0.001415714799902661,-0.0007967248190513826
-0.0010203097649211686,0.0015074467788067035,-0.005612037690334967,-0.002078000875626313,-0.005559739712475721,-0.003072621172906996,-0.00021835646684315843
0.009362890334161232,0.009145348593563371,-0.004521238427173634,-0.0035210915299114212,-0.007039570985416196,-0.001988467648864412,3.4587096505206834e-05
-0.00342733390431596,-0.003276214195847243,0.011791576739162753,-0.0033462843274139073,0.013948054204470364,-0.004844544541807745,0.002735160380228532
-0.007208232726553932,-0.00848260373618229,-0.011851101050620828,-0.009458207331829567,-0.006609589642298617,0.0005589073123840707,-0.007867313003847251
-0.0033200175538660847,-0.002187728255342835,-0.009266666549328771,-0.002526780939683535,-0.012577837816027665,-0.004797047692655356,-0.0013886873005112457
0.0006431166196902321,0.0035756288500019945,0.013859967934031376,0.015389722899117646,0.01989182723734041,0.008212845745422356,0.005448083216279384
-0.010369247625318228,-0.013720332241099439,-0.007484650701862555,-0.005277669614854633,-0.0053514999846994375,-0.0018971438824945525,0.005504523997750491
0.007782322844565296,0.008291501954313295,0.005516203512662628,0.012979463460630152,0.015573466807648227,-0.0012322133002006651,0.0010548946945899181
0.0004005748943126077,0.0022114817809176994,-0.00714593653319367,-0.00036353303139696064,-0.008952162932769575,0.000737885157684663,0.00030881580774897864
-0.013750074348401344,-0.017470582395492276,-0.006586118397076237,-0.010474729963564633,-0.009235408839422466,-0.0003923450091692844,-0.007694775824435404
-0.01225022821687102,-0.017471488597238967,-0.008257965404059485,-0.009753654810848196,-0.006077235354056765,-0.0022325028468083096,-0.0069126685686194235
0.002663486756377961,0.0035163932756206973,-0.007432374061735679,-0.003432113454147791,-0.00552327802802063,0.0003409416306731717,-0.00031199581799645033
-0.0016552866457844172,-0.003546326684233056,0.007376225192083586,-0.006841258609893266,0.014514669481674347,0.000623176441292958,0.001703619672232434
-0.0008806931265913036,-0.0008006201162197826,-0.006669348061012166,-0.004992784661404941,-0.007945538748914288,0.0012974550399864888,-0.0009081916841872453
-0.001742458063037402,-0.002897687268868424,0.008213910925769667,0.0005049042753259331,0.01396491602407724,-0.0044891170621747176,0.003055863120133884
-0.0009220144256142117,0.001020906657262836,0.004091760466580034,0.005964700348110988,0.01577541931035548,0.00933616010778253,0.0023211327794913964
-0.002442207396920791,-0.0032156437340927165,0.010848515422828145,-0.0014929625703453153,0.013290584293487034,-0.0051977557347701936,0.002831549330083665
0.007781924913832007,0.006370626740154963,-0.002722362787465458,-0.0009617776701892919,-0.006301612551345072,-0.0025233427842100155,0.0010957004373972213
0.007697237140254087,0.008378824770257271,0.004298688928769109,0.013440747003231763,0.01612812373331064,-0.0007280607985946144,0.0027310664567325687
0.0032462164735399183,0.004886109133110831,-0.007063650072108348,-0.002436526870479547,-0.005654640666381675,-0.0013478701407434394,0.00011997023109477722
0.00489466125161208,0.004917754591356726,-0.007851459163713614,-0.0025907093436145644,-0.004690535111483126,-0.002426247859415543,7.585630033169684e-05
0.007493381559880737,0.006125035570201425,-0.0047105284684615745,-0.00367953684573023,-0.006129747194684426,-0.00022564084994459595,-0.0005648801973455233
-0.0002204729700103146,0.0011086904790394067,0.01767248731690259,0.013241881957284972,0.01306973675669014,0.01260777798595366,-0.002467955460483853
0.0003968553748220349,-0.0002963113351509155,-0.007661679597550265,-0.0016563942756508965,-0.007109754767588886,-0.0009353263930622488,-0.00019915155200300654
-0.002432018497180599,-0.0023231307456502166,-0.005221300319981077,-0.0035884497400156196,-0.0037413793516414932,-0.0018188320154498428,0.003018850527524282
0.008493343511122393,0.007815062853943995,-9.178357768832858e-05,0.0026802957759619562,-0.008828445803956598,0.002304214235859993,-0.0011465093137337779
-0.0017161975789956002,0.00028220383970408396,0.005304763458845734,0.0024408361714541747,-0.01736452732274486,-0.002038140927472776,0.001206235186448377
-0.003196618960182026,-0.0021975746800503237,-0.008021906244952798,0.0001226658946228676,-0.01193270514793195,-0.0012247172824808412,-0.001615487784526104
-0.0050086052989499865,-0.005189209025055335,0.008482241713152943,0.0025903388726983266,0.013943559334796659,-0.0032256148975875628,0.0018117567242666682
-0.0012618744196421362,0.0002688499332730164,-0.009118914869764442,-0.0021907622845956016,-0.012615687284484405,-0.008200301501164638,-0.002647577484200356
-0.008119457323292145,-0.01021764185185389,-0.007044943554885829,-0.004641079270672281,-0.005532893280952314,0.0010604448823464973,0.00646549978794578
0.0079113403690033,0.008494343476628221,0.0012693814800572912,0.012708458462568767,0.010299759603375695,-0.0007053356560125834,0.0024270354351703014
-0.0027073605472699917,-0.002835662525087198,0.01174367578883696,-0.0051537201156534864,0.01359483199767137,-0.006316660611143154,0.002129987883532396
0.009349671500112835,0.008430235923896698,0.005869148355091568,0.009387920883024736,-0.01573673114199106,0.0021483789222856097,0.001769229359418317
-0.01055354813355357,-0.012112321859914819,-0.005789648341039336,-0.005347817817947637,-0.00500635522256212,-0.003523033435985116,0.005481825977491607
-0.0026708534209191606,-0.00394937501740964,0.01000369229039203,-0.004520627639976103,0.01405140722291708,-0.0013694180279949222,0.002296555646956798
-0.011492740167329138,-0.01602526075220713,-0.010953600191611223,-0.011714388232292334,-0.004661892469539019,-0.004490098101854593,-0.007717493794209526
-0.00408649834880829,-0.003274692865467101,-0.010979221211111204,-0.002349845501366387,-0.01656450041061226,-0.00038750268886420864,-0.0036188102414004392
-0.005060576839254533,-0.004453055617985053,-0.00555674655692636,-0.004833122234261633,-0.006383229619937594,-0.003105197101196082,-0.00038554360122884684
0.003802849685428192,0.004126631268145925,-0.009067236754152413,-0.005387136364011193,-0.00623867082942015,0.0027910022728701175,-0.0004483401930327885
-0.00990547342904138,-0.01071605800575661,-0.012719578215771842,-0.01068824757342582,-0.004647345661666527,0.0009308958827917269,-0.006942349178946073
-0.011660277590835277,-0.016051317224472606,-0.006083924292572253,-0.012147311612203917,-0.005348725676431329,-0.004216493192937536,-0.006499213338937444
-0.0003184665537922344,-0.0002944243078013703,-0.008974925630209482,-0.0008950492072275546,-0.012401607561887403,0.006834210484973936,-0.0002978617016475743
0.007862803573475628,0.008125941582571999,0.004960654736917854,0.01239389344599358,0.014364248778237646,-0.003387665401517906,0.0029781520423064374
0.003480657359868041,0.005016182569595185,0.0007914818097928069,0.0021779498418427667,-0.014897685892104218,0.0006147937992353897,0.0013801970142812124
-0.002190167547553248,-0.0016976906729801457,-0.008613973867361548,-0.005702886955136414,-0.006877181662316477,0.004207977171982091,-0.0014870539088756329
-0.009973884272355269,-0.01075299425545339,-0.013120953893272069,-0.010875660039087296,-0.004640809184810612,0.0015813461966381387,-0.006796276019701055
0.008148033570924057,0.006827053409848836,0.0015445914409976454,0.0008054312452311836,-0.009489793321892013,0.0028389320805177276,-0.0014256591853043356
-0.012581821390003486,-0.017563207360374013,-0.008288990537223727,-0.009872086934573185,-0.00621692966439764,-0.0021383218361957163,-0.007172047105107733
-0.0048628573817902105,-0.003162328657919545,-0.007938423448974653,-0.004553807163350323,-0.005132343738217872,-0.0037800284590700887,-0.0006710032629134372
0.001628609861446118,0.0014622940761778174,0.004656552337842433,0.0025568536417173737,-0.01622216510436186,-0.0029494207124683295,0.0008217013445253322
0.0010773200353575937,0.0018458630784227456,-0.006790894525548138,-3.9624958788865724e-05,-0.007068986945857877,-0.0006717663221543145,0.0006728395126101029
-0.0022842601194839078,-0.003903228203386817,0.01399108452433189,0.008195905405648672,0.01176840093812966,0.00028359848266754946,-0.003128148895461168
0.004292628632747126,0.005204609750945489,0.014502100517856848,0.015725646541132274,0.020049842813993506,0.007572655551412786,0.0048650535037198395
0.009058625971547479,0.007023619427680013,-0.007841426455018412,-0.004105419902542781,-0.005608122467156845,-0.001162220612470323,-0.0005932188448289101
0.010937727861514295,0.011038808827747727,-0.0025848929637493122,-0.002393802503985021,-0.0045485495558659425,-0.0024568477230053954,0.0013423739053098518
0.008145638658094803,0.00769701107144905,0.0017737938850982049,0.005794650917292039,-0.011385242242968188,0.002894248172065297,-0.0020842495188296453
0.010806499345177174,0.010817672207816618,-0.00483989816338207,-0.0028482644254375126,-0.003271614339845517,0.0016823320261130964,0.0011958020958841688
-0.003423492836800931,-0.0023715083498419966,-0.006417871983289734,-0.003639288087719345,-0.0045028513364127895,0.0005189889782330267,0.006776815260423446
0.0071607598844328395,0.007934414129666799,0.00563898833698367,0.013285500312079866,0.01599931662395004,0.0006158145415738328,0.0010756967567783513
0.009137964408809875,0.009341857753979721,0.0026392562561608833,0.012101000287784356,0.011874086679599834,-0.0019090501513014376,-0.0005020775968072435
-0.0036000433949325973,-0.0036163269393728824,0.011101990989596668,0.002890977992057237,0.013197501360178122,-0.007982755976560587,0.002106183319631655
-0.004494212688556248,-0.004257812585989688,-0.00671804380020597,-0.003447403461165493,-0.0043145745275060335,-0.002970293763316669,0.006670585773978371
0.01041261303665761,0.010948487277511527,-0.00251807743442468,-0.0025810757846880424,-0.004142049796756607,-0.002615164849898593,0.0009978136155801946
0.002714790006352042,0.0033175727871453263,-0.007316810385625956,-0.0027848914229590457,-0.005460538358979941,9.30026365116872e-05,-0.00030062271363004135
0.00746122665577505,0.006022514768286532,-0.003926036866247392,-0.0021338540148676676,-0.006792672689165619,-0.0018752254226325521,-0.0003909517740486156
0.00710791618981018,0.006416866777585631,-0.003943918208603381,-0.004269308968923354,-0.006705384127986245,0.0009834650109308628,0.0006871032348255275
-0.00024379354036388332,0.0017654158781142022,-0.005249702561374659,-0.0017176257497509247,-0.006010754341965629,-0.00239845835921479,-0.00011476986575904459
-0.004522615657692808,-0.003647267827685481,-0.01001424118915211,-0.0024546972275311355,-0.015690704597995517,-0.006753289199942175,-0.0027039708211063886
-0.0031904146460266644,-0.0035328358945009727,0.010064611370377462,0.0020160056004025666,0.013673437911167534,-0.005392159482804288,0.0022436408289304597
-0.0018023798440134405,-0.0031606435993786924,0.012090400907068082,0.009146256032300387,0.014723055370692378,0.000859047527599237,0.003258197749878731
-0.0006710207944584913,0.002117365355149909,0.012001249852839934,0.015328722993696605,0.01895556700991469,0.010590481466351597,0.0059984902057876235
0.0033230573402934812,0.004111217779951578,0.0051320843139458176,0.013328366766762727,0.018244708929796998,0.0015880537108383353,0.004929996307343164
-0.005029712271238644,-0.003717042365931574,-0.007853117386755325,-0.005493872320512338,-0.005788307737052783,-0.0018793020118065323,5.6692977485152816e-05
-0.00491454281763132,-0.0036964203799208974,-0.008082511690314157,-0.0051768177296052,-0.005863704334583908,-0.003048901116767031,-0.00031352105295831344
0.0038990946955135665,0.00431265133859966,-0.007922195863591974,-0.0031102147048655093,-0.00488032336845929,-0.0005219460586557333,-0.00044227671239608046
0.007414599563419518,0.007935081719328366,0.004587125769760433,0.01345668973059589,0.012495677391143437,-0.0016059882550221076,0.003352380629120417
0.007624770016067231,0.0077712676687930055,0.007831564606215835,0.00858822104587595,-0.007960617795338971,-0.006556480935096018,0.0015635291038402534
0.0043633186514084165,0.0042761470122623605,-0.004011000404207967,-0.003084859305055205,-0.006857020516059283,-0.00030073302844493626,-0.0007265258737227063
0.009499093905010058,0.009381161282804931,-0.005346083631596647,-0.003050915024151519,-0.0036936034466364238,-0.0009485148690738771,0.0001618509197689111
-6.831776163325047e-06,0.001479189370321709,0.021711833120219737,0.013844123923341976,0.014157755502787864,0.013709317237953066,-0.0009300854396354036
-0.0017507737562783364,-0.0035477748291713263,0.007621407907894552,-0.006300383941691823,0.014166320558149646,-0.0016220141117037708,0.0021734834435706827
-0.003215982223570364,-0.0027372560808628338,-0.005646008640451171,-0.003375829179200031,-0.00435700980883921,-0.0013739464410035419,0.0062825790631426135
-0.007310779765882479,-0.008090811507050263,-0.012050057044554693,-0.009756707894712188,-0.005527023177833417,0.00044337097965700266,-0.006189872271896903
-0.0036090713027257123,-0.004221461430935753,0.011543838554505718,0.0021672867374057394,0.0130110435852803,-0.006419734355452983,0.0015655761369885936
0.008635945286019658,0.00902772910306079,0.005084007874690595,0.01307859732923886,0.01039390436724208,-0.0022160364689309086,-0.0030381854210632113
-0.0026095399710968745,-0.002040396382481463,-0.007521766913699467,-0.0015875674749987936,-0.009798521557192248,-0.004524216916463461,-0.0010690462391418172
0.007603643384808083,0.007410167307087321,0.0034602762817909105,0.012955994019637021,0.01533033918356214,-0.0010276984752733457,0.0032983622729123967
0.00746599720921546,0.0068609333806879304,-0.0024782860099998912,-0.001490303576659364,-0.0065493494525247515,-0.00103320428825637,0.00042922238772920285
0.008214863035844918,0.007239128936735154,0.0022654309526039234,0.005637330611435615,-0.01173472223288239,0.003317669558223527,-0.002464763835799676
-0.001111952045922913,0.0006783977443203356,-0.005544799667239287,-0.0021475200841528513,-0.00654505243277657,-0.000809348120550786,-0.0007539135214323076
-0.012450812457145197,-0.01582925997763447,-0.010470681244596937,-0.010583918292131038,-0.0065227830500048396,-0.004029199351595342,-0.008098557478941787
-0.004179755395679173,-0.0013411270681244465,-0.00915137280816486,-0.002610748685811466,-0.014449266859627977,-0.0083396775397149,-0.0018121078678788795
0.0015812953152273329,0.0025475377630489746,-0.005654564954799773,0.0006303363516006001,-0.007016693095453384,-0.0030735321582029775,-0.00026026667766520525
-0.0015839423290320198,-0.002857185348245001,0.010543188858455265,-0.0015452136501346503,0.013382806862800196,-0.006827850250667036,0.0027779870923106504
0.004928250650125275,0.004993360802647299,-0.005121023016048694,-0.0031928113839381376,-0.006591139267072688,0.0002667967968659468,-0.0004972110285663779
0.004260967061461109,0.005875180282511801,0.005142662089608678,0.013840911543433842,0.018159033565856058,-0.001526930113620639,0.0048838762800793335
0.0008813103668757003,0.002276165925913878,-0.00529433307681949,-0.0033058558516774073,-0.00614423231720217,-0.0016521459613856918,-0.00045733517511957077
0.001495886244159586,0.0026959319978585405,-0.007299100242296148,-0.00020732342052692674,-0.009235476732208243,2.126909223313877e-05,0.0005716431909550808
-0.004952276574452171,-0.004024258794728149,-0.00852589128663241,-0.0051503181314806155,-0.0056568902631254515,-0.0018477310895316655,-0.0002333793650947775
-0.0039335994865391435,-0.002073767010686635,-0.009281564762976018,0.0006202136776201242,-0.013898420836016211,0.0020670275013740104,-0.0017469390310158824
0.00040737841465392845,0.0004970946960804231,-0.008089450537400731,0.00011952873093617466,-0.011940481269406332,-0.003022442137256688,0.000536004151712943
-0.004686935279051728,-0.003380360261610333,-0.007901999485319802,-0.005393039954036544,-0.005380622859818163,-0.0038998201231600672,-0.0002861524710804167
-0.01215501103510972,-0.015978013406799198,-0.00989398619396461,-0.01029821271849505,-0.0060353163256787025,-0.0032218041056481118,-0.007928145663936232
0.004754774405425079,0.004728840667038629,-0.004773066528904736,0.0012548458424949105,-0.010746055586996312,0.0001651384607120905,-0.0006855366607845445
0.009858082705245363,0.008633691788670702,-0.004568659614427355,-0.0031413502354621435,-0.0053882079494566035,-0.0016673555304064054,6.110859479135349e-06
-0.00403683286670925,-0.0036591262897456667,0.011474256743664153,0.0028886527300568663,0.013101886444911911,-0.007767269810561634,0.0020574630634752206
0.004507208043266768,0.004568022157071607,-0.007341471665112734,-0.004042591671189395,-0.006700289219200242,0.0010124969051029144,-0.0007900424514334995
-0.010911301583210714,-0.014742947742695028,-0.010331262442703862,-0.012343833115343355,-0.0036863094830897163,0.0034724247129066833,-0.00691646924319616
-0.0016527973515090399,-0.0025513293067694824,0.010277168413188188,-0.003540701198196818,0.013601803687078938,-0.006286279866327157,0.002674628734245427
-0.004799776828656761,-0.0060684569740402155,0.012761848523554812,0.007571290711758949,0.013495442825688833,0.0011294535853733775,0.0020771167384667846
0.003893192468058926,0.004232871836455472,-0.007610552310539633,-0.0028578494338512474,-0.00443354171676046,-0.00141186998350985,-0.00019953216482903905
0.0005578135066598724,0.0034780916613678906,-0.005861421740484631,0.00016967025370766013,-0.006664410446538185,-0.0030427951669796654,-0.0006309425694982027
0.0029582233204678843,0.003515705946010901,-0.005605271217085148,-0.004286318311924942,-0.007130866540238833,0.0006977776268631588,-0.0010094416703482563
-0.002438623023845247,-0.0037663714567959593,0.01118603926374893,0.00354947038038757,0.013000146835136317,-0.0068472190454211745,0.0024062564855981097
0.008368470437077483,0.008414284276758333,0.005671782873794138,0.013370243334419385,0.013709975887301364,-0.0050710566558954786,0.002522821255537148
-0.0007073794748061533,0.001023234958890594,-0.005686958216807456,-0.002255183019314005,-0.005629710686416427,-0.002305467953375758,-0.000523382141861309
-0.004500717382845591,-0.004033506359715936,-0.006909338361392608,-0.0059262167103674174,-0.006010980425678672,0.00019549420537028908,-0.0003238361741404917
9.760169365885005e-05,0.0024614204050879157,0.017698311887818924,0.007274269188525013,0.013860909024897873,0.012212004674635556,-0.0011671919856456692
-0.0005228146902577762,0.0012854436516883559,0.022045450359897245,0.013611167775940715,0.013603121738035786,0.012862757384365963,-0.0011081542386493987
-0.002722550738301713,-0.001391580945966124,-0.0007346241526082064,0.0030439937940719866,-0.015614225177614252,-0.002887360302911271,-0.004115439618233816
-0.0029874198257273396,-0.002488553626885916,-0.006199830316050447,-0.003211422140897907,-0.003958151497109128,-0.001497251874659111,0.0065895301493894545
-0.0014391108659542505,0.0009849586051830078,0.00739014434732559,0.005271328163177533,0.015238032835007069,0.009801856932384199,-0.003980477118974227
-0.004527228052569075,-0.004490500282449974,-0.007414678035750469,-0.004344044230873789,-0.004384980933550073,0.0005882909420694542,0.006826921298163472
0.006354593260115961,0.005392490777864434,-0.009436363571769113,-0.0040526151401607665,-0.005609459338535726,0.0001465186302036639,-0.0008462930030184094
-0.004519049500221581,-0.0037750032807758365,-0.006569545917941711,-0.0047629003228484255,-0.006081139946066693,-0.00397945290928279,-0.001653936614675963
0.0041950957394998375,0.0047027646117965595,0.01148702003188902,0.01601439767862433,0.018293416305928394,0.010448447060241374,0.00511360095791329
-0.0017905584261539112,-0.00320308222309589,0.00809214856689142,-0.006292759038756503,0.013812984987182163,-0.0009427440281097668,0.002466367041196107
-0.0034271404266307598,-0.0033045929601214644,0.009428038464165367,0.0023638939592708426,0.01370031921495144,-0.0063842179054189735,0.0021384736716387504
0.009799787015585105,0.008389306606560214,-0.0029868310461191993,-0.00312679215696248,-0.0049030803370834885,-0.0014971833897058455,-0.00020340648465388207
0.0005865350132092939,0.0008027530936074596,-0.008866975199679885,-0.0022574066611185284,-0.012885741232755415,-0.007799937875750549,-0.0028302779914736037
0.010045611974047653,0.009741088605530695,0.015750569112587175,0.016782876589283454,0.020587522888639697,0.015770794536851013,0.009128460012893764
-0.004272279225305697,-0.004040102341241251,0.012039632120055604,0.004216794206439551,0.013296761974668827,-0.007915081626726411,0.001666478630794613
0.0026096784673542463,0.0028797830695464384,-0.006578569732739606,-0.0028647212825941037,-0.006815089572866751,-0.00027256325416356164,-0.0002486813975884608
0.008612494091367414,0.007830565924388244,0.00196239459091174,0.004872827856492216,-0.011127299287135647,0.002130619925015044,-0.001752445851155972
-0.0043536122160196785,-0.004158967674801467,-0.006404897400893057,-0.005288655883149449,-0.005661204788260019,-6.417495361426854e-05,0.00018334685263191963
0.002354973001798138,0.003846284736723599,0.020939904384720757,0.009763064870036748,0.015381364734934313,0.013483359459655272,-0.002632610130744961
-0.002546279356141604,-0.003786774788150425,0.006979255769167335,-0.004845857992305275,0.014422270581330344,0.001252153694093881,0.002339351687797538
-0.00249513195460757,-0.003269388651503447,0.00874836394300896,-0.006515719027091014,0.013954891720303298,-0.001636265783987571,0.0021063379853971005
-0.00013155716145893875,-0.00010879761961540206,0.02197890580772459,0.013662344571083928,0.013066940041776658,0.013383820208754256,-0.0003907130733209512
0.009692022956490774,0.00924520961671564,-0.0038085057522670744,-0.0029236293217052693,-0.003947475217708401,-0.0007843323190077927,4.460700857053922e-05
-0.013130817023127187,-0.017741702190654976,-0.008572028355284549,-0.010238516098685167,-0.006491280749781607,-0.0008786387672546142,-0.007749926251337454
-0.0005266436249567731,0.001145153818455033,0.011379007323097648,0.011229919320186122,0.015982734972476032,0.010315951718135924,0.005540815633572599
-0.0021574815119815858,-0.003783555452033391,0.007302255152516859,-0.004442809626981851,0.014177765081747628,-0.00020748232556115683,0.0019270555947626924
-0.0032694760949811253,-0.0035167742791759036,0.012148480308768615,-0.005114459341537296,0.01330614085382609,-0.006020803349083337,0.0019808091613231914
0.00776907167995039,0.006779857649022467,0.0001925011052028887,0.0016364397627780089,-0.008703490247697648,0.003057063145680978,-0.001071723492026721
0.008000567331238013,0.006434785885483314,-0.003264019472846847,-0.002648835288081112,-0.0054845159353121686,-0.0019692670470089976,-0.00025034272430785005
0.009227253154462324,0.009030756622308091,0.004909777688479263,0.013687404472225956,0.01125234948063842,-0.0014394472715820597,-0.0009320403046688882
0.009914956528769248,0.009973393707109923,0.016219151521604674,0.0169050529525071,0.02073990449252277,0.01600246241046435,0.009015291374009254
0.005471790559694573,0.005064429950131618,-0.004831552513315734,-0.0030144257355347696,-0.00596610925520516,-0.00012681190319604693,-0.0008183541991658834
0.002700418440270615,0.0039848173510276,-0.006877116002250557,-0.0027162146306912234,-0.006065346075517238,-0.0025775837135647932,-0.0001881066178521281
-0.002420268731045737,-0.0030384821367526248,0.008995556024776911,-0.006173801707369445,0.013939476194634341,-0.0023194218374141544,0.002106087846621169
-0.0010926231948851478,0.0006033773994600081,0.020526518012342263,0.013213498137606887,0.013551495473523181,0.010165228188012845,-0.0024266466949795468
0.009569216808595937,0.008441582217282504,-0.00537579961779273,-0.003920316995268948,-0.006305584936206786,-0.0011727631180085936,0.0006603385052469131
-0.0004888159201189506,0.001220612943768122,0.016815616241149755,0.01276981390179165,0.013303194504109732,0.012554626829553274,-0.0029741657575865243
-0.011945560839763981,-0.015673299544690076,-0.004325519713577345,-0.012679919280633516,-0.006799884366126618,-0.0037599089691740797,-0.006022477466988993
0.008422428307100703,0.008584481520634908,0.006026714337500395,0.013625683119878492,0.013053612492048783,-0.005092210879187898,0.002955373349647251
0.0067363481596578855,0.006424399649889521,-0.003329267541103329,-0.002271772322203344,-0.005715108445293759,-0.0017969161480609328,-0.00026758836937303956
-0.0031029450491317757,-0.002343865488688321,-0.005687146100743009,-0.003707403460538612,-0.0039446689533827566,-0.0027453437876256343,0.0027971699935515812
0.005701785040616157,0.006050525297383962,-0.004593964699473507,-0.004615028023357645,-0.0070519626270118116,7.383465441258557e-06,-0.0015234170110221914
0.005520406233967532,0.0059939521484569476,-0.008396619201494239,-0.0032457626593724895,-0.00537354985594561,-0.002091570037275714,-0.0005619474699908319
0.008515627131109968,0.006664002242652727,-0.006932315708224243,-0.005009089828909434,-0.006203359129296998,0.00126879889498922,-0.0008810502085111613
-0.0002596513774059493,6.488960575171834e-05,-0.009836777744758827,-0.0004395570859682073,-0.013413496300038151,0.005013892576684254,-0.0006217961733820284
-0.013828337264222787,-0.018391392259784013,-0.010457709956058199,-0.009672684106269407,-0.008714300091907977,-0.00045491652346586764,-0.00874390220066468
0.0031914198192454354,0.003440904236313187,0.00537060155707909,0.014592127360920077,0.011325536700823624,0.009228753103589579,0.0022707580710391163
-0.00418739626506154,-0.0026027165428240237,-0.00904283996531514,-0.0028109056341770336,-0.011591469987210156,-0.00580111621727335,-0.001308358707445222
8.862270176521959e-05,0.0012516264261411094,0.013152689327950303,0.008523871730574126,0.014712003595649526,0.006620624396558149,0.004412149833198533
-0.0011903810561786686,0.0003576414621970987,-0.008559751457069288,-0.001108291867139444,-0.007521913367895023,0.0009937236317553388,-0.0014607522208903454
0.0008381746556051087,0.0027687121661959992,-0.0073102880466534735,-0.0009479744438231139,-0.009038864435507325,-0.0015106883638743177,0.00026755910040291255
-0.00661774719201299,-0.007519686925002555,-0.006691975440228956,-0.00361851001052071,-0.004932265664973989,-0.0014750807398292408,0.004006282217757224
-0.0034429083062034005,-0.005218692348562365,0.012433474159891622,0.004882930577897131,0.014555815514937743,0.001142863300076515,0.0029408523682709865
-0.003688004128155786,-0.0031141274674450956,-0.0056244073355389826,-0.003872287800743276,-0.004385333836196724,-0.0019564564745335813,0.005580380598108845
0.006532182129338605,0.005132274441082555,-0.008094221082227543,-0.0037679055554641085,-0.004616351167018024,-5.434577681054649e-05,-0.0006286586815405266
0.007958493576114603,0.00692925243733558,0.0010787470302308744,0.0007209510941677438,-0.010109669936774916,0.0029373574598665292,-0.00151298515420099
-0.0006159293190539164,-7.964264045019895e-06,-0.008788013448817486,-0.0008693582442428756,-0.010742489032066158,0.006368628174796507,-0.0016359367458977808
-0.0024514459244831368,-0.0033605546074517117,0.01132037922005992,-0.001763017186828686,0.01377408739241883,-0.00592078573530829,0.0017477179256023259
0.010779083539762053,0.01046325528291668,-0.0034520177406185686,-0.0030666019528523933,-0.0038368477567104022,0.0005305632607956191,-0.0001259779985085999
-0.002569460431686512,0.0008819255145906011,0.0034438745439883747,0.010153106260200448,0.011351171392308849,0.0072244068948540754,-0.003565827570040266
-0.011728266937614244,-0.01579589155409469,-0.008241274142018177,-0.011735038477254793,-0.005720649998915046,0.0015285964236369754,-0.007610619383184166
-0.0037746975705336503,-0.0030320307651107224,-0.00625643516737408,-0.0042508098699149035,-0.004579122987614972,0.0005721612932842359,0.005713557832883826
-0.00034631347346396514,0.0014672835821172767,0.003664786246876909,0.00183427912643505,0.014698839429470702,0.008887961309327619,0.003610788603413751
-0.003142903410022672,-0.0024194184351546493,-0.00549591154451302,-0.0037786109403800876,-0.004395112330618999,-0.0030788978007640485,0.0016070836714950508
-0.001217370337058338,-0.001902887850514211,0.012160745143124738,0.005884820647807778,0.009025485919379609,-0.007819130833006002,0.0016399343541815068
-0.003714190928588255,-0.003222391038582371,-0.007996252666536143,-0.005269688600260877,-0.00547839735895459,-0.0029406022422655523,-0.001012689711705226
0.0010954312307884708,0.00109658354283789,-0.008230101763529413,0.0010407474122779577,-0.010243176703075618,0.0004681968340990197,0.0012210451444653787
0.005223227471243298,0.00651619566317691,0.0070777533429687125,0.009066068750327536,0.018551299372109913,-0.004404975309427382,0.004664352729663932
-0.003385965229457461,-0.005027231172857545,0.012182423598851312,0.005943729638916832,0.014060196567339306,-0.0007246430391932115,0.0029495939208133756
-0.011751281305476787,-0.01624510542433436,-0.007596103497615913,-0.012575322647290409,-0.005872964461406458,-0.004598405202430142,-0.006987805126779427
0.008878106887921487,0.009300873648000169,-0.005707200338780125,-0.004294245256566295,-0.009356265108560814,-0.0004524033698131165,-0.0019153472752940833
-0.01383892759593243,-0.01819703436250142,-0.00886751345508198,-0.010058949981157982,-0.00878763593067544,-0.0005116403505366458,-0.008514282271990144
0.0057766474719882195,0.004419157943879244,-0.006881908909795115,-0.004359592575088969,-0.006526645060432124,0.0013293111512543007,-0.0009014605823976157
-0.013475830109818183,-0.016916242887534766,-0.0033732229926727877,-0.010577428689578122,-0.009604871401934997,0.0002709885961316088,-0.006612977899820502
-0.001969542229639681,-0.0030572175126160317,0.010631104906508189,-0.0037642554335214507,0.014072049084505335,-0.005450627800509295,0.0017129198367790103
0.00041736660115723165,5.801135104369146e-05,-0.007600882567485133,-0.0010483995641063903,-0.006636850265845543,-0.001914523813379093,0.0004985227553851364
0.0005844804464248719,0.0019990585399691087,-0.006310228103148491,-9.350878587912419e-05,-0.00743231119328733,-0.0004373801279408524,0.00014141621802832562
0.010917805586437217,0.011159551614349174,-0.004030110348335828,-0.002712434585832315,-0.0032923153926611996,0.0015843509523838252,0.0014526362012066423
0.005730885606706274,0.006135847942782913,-0.0037236604358040306,-0.00379804258411701,-0.00695467818283572,-0.0003784758641126655,-0.0010755262494273898
0.00045916779260202206,0.0026970453414276157,0.01798198080477284,0.00826600943937275,0.014386242369357077,0.01269256394119453,-0.0013978223121299243
0.0009930557104144665,0.0023288855255194007,-0.006906313308673737,-6.897137158120393e-05,-0.007627677055287961,0.00028428113623092877,0.001062790223555129
0.008322813838054522,0.00867320725625321,0.006224148303903526,0.013249395569504692,0.010813569091111577,-0.003119011933233476,-0.003014443990603851
-0.002379326862710821,-0.001324179909452471,-0.007263372280909443,0.0017413986444793162,-0.014355128057592125,-0.0050903376395910315,-0.002118596414853229
-0.001360196790391605,-0.002235467940456546,-0.009665631536482156,0.005679299746259528,-0.012411504847294518,0.0006329979261957252,-0.0007266596858217457
-0.002790131147718963,0.0012264907202213938,0.008349426458680302,0.010367100479779002,0.011746550572033772,0.007243993159636608,-0.005328286810302342
0.0007547336983435946,0.0012042463825280274,-0.007447838132922583,-0.0009225450991904124,-0.00700623778402819,-0.0023953661243923197,0.0009952181073118421
-0.0036867105661858037,-0.003583722278273834,-0.00818859115458296,-0.004621782927287151,-0.004610237142776391,0.0034789509989580827,0.0068496889713672475
-0.0051520466157907695,-0.003588726501880269,-0.008526001994278448,-0.005075199999735802,-0.0055525898725915825,-0.0035240534515828645,0.0006399044205926274
0.0003979144599114603,0.0027334976411159057,0.01747196965013631,0.008299523499515273,0.014214149277429538,0.012898419959275625,-0.0016220683999837906
-0.0024258775061603214,0.0009602983880796214,0.0034714395542503372,0.01009299514708569,0.009976964309189635,0.0064276192527669635,-0.004676527365824223
-0.004925856112950105,-0.006285397081530072,0.013479716289186533,0.008790958424255221,0.013468227484318581,0.001804876188013538,0.0015468015382798291
-0.0038068958934035914,-0.0033774968685705265,0.012058664802707854,-0.003326929163421535,0.013710700240713261,-0.004963227982591947,0.002540747217742089
0.007882214099090856,0.008741719756609234,0.0012124369925840728,0.01253612972098728,0.012370644290747789,-0.0005689657027916024,0.0029522216963949184
0.009001958769581367,0.0069144204355023175,-0.004594845028147356,-0.0027296513984886046,-0.005133955828068665,-0.002277347717782752,7.329788119158788e-05
-0.0009544358330625325,-0.0005227080273823179,-0.009938466454435272,-0.0013304315642505538,-0.013236772749775048,0.002867899866348678,-0.0008212221084733096
0.00024030791513912538,0.0007472616645611254,0.013164357664808375,0.011235744823271278,0.016362007286937433,0.013498716740943259,0.00527856670538438
0.008313049248916673,0.008092912288600866,-0.005993759111616609,-0.003173289203727745,-0.009642088217996224,-0.0029070815811671363,-0.002173839364133863
-0.006577615319550981,-0.00880809109369337,-0.006969576844246127,-0.0035572707867163648,-0.004973610453193163,-0.0013034490073449178,0.004091377420178151
0.003013195728116805,0.003545850700971033,-0.007251943744706584,-0.002930976807603013,-0.006312459702809241,-0.0003396398604164367,-0.0002659588391886579
0.0025503073032880335,0.004321233317903474,0.006638901022859281,0.006095246633440626,0.01941646843560931,0.0019103948746807336,0.004628665660365907
-0.005013682924904203,-0.0038409582614208184,-0.008565926061910124,-0.005360828167525543,-0.005903706677930184,0.00048292459210329584,0.00022000880562584164
-1.1198526255161407e-05,0.0011172854428627699,-0.005383379307073694,-0.0026948775914390354,-0.005676004722491894,-0.002425476294163964,-0.00016127044254801763
-0.009974876055999107,-0.013091561902949312,-0.007171532362687852,-0.004930891433793778,-0.0051130397926654365,-0.0031543629105204784,0.005713254675882213
-0.0031310239784054666,-0.0039473724568831,0.011106940735880054,0.002930381028964428,0.012931290118769232,-0.007637623255045879,0.0014676970683601236
-0.004582637882539343,-0.004617799990434326,-0.007564858325157511,-0.004409115938526623,-0.004414832551492573,0.0010381807037887869,0.00676045756646176
-0.005132298503076353,-0.004464737558467062,-0.006403320216491032,-0.005547839169520738,-0.006300123792835799,0.0002913132328851558,0.0010419583121450216
-0.0007724008132447417,0.0004252688431394492,0.014434438017863978,0.015088212247579287,0.016479521598940963,0.014081048146717871,0.004338610044377431
-0.001365642814566186,-0.0017134410593339145,0.01080920061133773,0.0037252369806010967,0.013770693912911284,-0.007329392833472329,0.0017153993150283511
0.0010604687043846005,0.0028804747271566457,-0.007521411991639263,-0.0007807268568924494,-0.007892010675876589,-0.0029399142776198512,8.684044566127564e-05
-0.00332362969126539,-0.0026906431118677923,-0.0068617577970628936,-0.0037360421804941563,-0.004736683323201526,0.0006992110828390495,0.004428795163037608
0.008138985710158657,0.00611529816369366,-0.004841768864177458,-0.005329234898238449,-0.007151500629627524,0.001515414314035254,-0.0011793729050762313
-0.005581751077967508,-0.006913216110198009,0.013559123408645887,0.009141402781518104,0.013501557379662788,0.0024045834856974303,0.00143651274585891
-0.0015459321655176238,0.0003582698289586245,0.013424658845211464,0.009658848548027465,0.013125830007153984,0.0062762022513858364,-0.005689173026504651
-0.0006088852459695363,-0.00022319416826951772,0.010998921254858345,0.006160555164911876,0.013133291793888063,0.0011739658465255596,-0.004389420331917712
0.00772077899896175,0.00883619577286848,0.006026688673137524,0.013300802700969732,0.014808148125932057,-0.0018637576915674753,0.003536745358716167
0.006161753460622979,0.007555301667121437,0.005367886012649207,0.009049434140559837,0.017502035918550568,-0.0016521584092690524,0.004190682886862114
-0.0044687934223658745,-0.0037683522733455285,-0.0074129348714882725,-0.005210527481099439,-0.005218189994444712,-0.004176304655940405,0.001466111068036802
-0.01405368690043034,-0.018008226194955953,-0.010534522036686152,-0.01008164222955895,-0.008596205157782479,0.0004750002381053756,-0.009529805889433246
0.0002221556281695516,-0.0004893046950465426,-0.007311014642523289,0.001458713384579361,-0.008963077895690421,5.008187729658305e-05,0.0006104151860755053
-0.0016743623962741706,-0.00294123105283036,-0.00892788012972351,0.004833778409162605,-0.01260630984921575,-0.00020955081941691038,-0.0002889604731183429
-0.010502062743249944,-0.012973060185524516,-0.0061501247978440025,-0.005792419373620751,-0.0048091079233867975,-0.0019381564688696403,0.005899909247214905
-0.0042610510346153315,-0.0041804723853457295,-0.006559332253021252,-0.003560931074912036,-0.0036915342602401005,-0.002116311667367586,0.007163642157893544
0.008504914370389204,0.009117053521303431,0.00454747923004311,0.013375307254876399,0.011578941147851745,-0.0016919055094853676,-0.0026154905989520514
0.008715069734714588,0.008360077774842297,0.00486789469309891,0.013001237968987528,0.012977880798636746,-0.006838050359995655,0.002337972405403135
0.00874379648866251,0.006602108051463871,-0.004066427161493948,-0.002855786385649963,-0.005252493566949191,-0.0018002675145495973,-0.0003781186159530126
0.009653080705312853,0.008265372319824481,-0.004628065410773746,-0.004409560954643101,-0.005754641409008938,0.0006232309038080471,-0.0008201405108283106
-0.013160807285621133,-0.01679048407318961,-0.0031596645789142308,-0.01064821954578105,-0.009946161462432332,-1.6250162569472578e-05,-0.0058203152094133135
0.0077241903053213625,0.006187018250684194,-0.005528053013408527,-0.0050057312771555115,-0.006168905881748349,0.0011447547293027035,-0.0009729880651391128
-0.003515876659485413,-0.005365833779899683,0.01229341998820265,0.005815433324171897,0.01390817307510136,-0.0007315224382030699,0.002523243072219426
-0.001324565603990626,-0.0019488362623281193,0.006648748468267759,-0.006799113139426935,0.014156030936934667,0.0005602329238720211,0.002213789794745496
-0.0009622325644867286,-7.611569315098869e-05,0.00949156492975818,0.010476344736411194,0.016359882702920676,-0.001651740852143556,0.004295709114868973
0.00036841881379264625,0.0014310790413229425,-0.006169675523530088,-0.003420451665672113,-0.0068577081380174236,0.0006109494382093789,-0.0001362395036375294
-0.012950481861266154,-0.01493290697450785,-0.005707491062485333,-0.008985736627895811,-0.006783006175193409,0.0015853431806637864,-0.001464829144843052
0.000333042048380657,0.0020236709760668293,-0.00604391642760336,-4.052558351386701e-05,-0.007818214853277158,-0.0021717110512912826,-0.0002627108684871615
0.009164526696737977,0.007808376053128286,-0.003927846213752662,-0.004670395958311496,-0.006143888648823739,0.0010535101282367059,-0.0013411251328915089
-0.012266762352339509,-0.016038291825365408,-0.011022558762614721,-0.010916280625283575,-0.006743501362317231,-0.0036389018225291263,-0.007975538725789023
0.009363641499856438,0.008239636479343657,0.004160526806089277,0.009005729386100643,-0.014432212081170508,0.00334952376105121,0.0009434004717810637
0.0069986377560146765,0.004668977347782836,-0.0062480884865714,-0.004821800340382549,-0.0058194563156307505,0.0012397255929836384,-0.0009667292330223816
-0.008597583264231483,-0.011031192120185105,-0.007776693134456661,-0.00519106465421972,-0.005356725837742463,0.0005529421631166579,0.0072383204062419345
-0.011925149020725815,-0.0161625914546288,-0.0036041934465673915,-0.01138364314168432,-0.007919901644367072,-0.004435570032245965,-0.006466982592300727
-0.00011362901781743762,0.0013859442045099186,0.02159441567362326,0.013712886323041141,0.013569166276411578,0.01271208863295431,-0.001809898082735136
-0.0010223453262289428,-0.0009227003685150634,-0.0075069098373980485,-0.003125648135780997,-0.008147262219571108,0.0004908715147265185,-0.0011023642821985501
-0.002217501846286848,-0.0034958557218304357,0.015307221471070212,0.010698153605669815,0.011884275312084693,0.008422435409628753,-0.003050162743321568
-0.0011283782868456314,0.0015872395051862768,0.00565327957070677,0.0036725824298366795,0.01720054453685147,0.001482184936648516,0.0036727285062326796
0.009778180000034283,0.007946566884176338,-0.004461167457519731,-0.0026302828017897386,-0.004927120866881987,-0.0021994352683217255,0.00017630689348774564
0.008346548063248804,0.007578614778032529,-0.005627399637140907,-0.005656188088411065,-0.007872834572843494,0.002119230017668501,0.0005204161855249333
0.0006738722897071756,0.0004787339448104892,-0.008091219743205376,0.0008836047863470057,-0.009822786254158928,0.0008123354418729727,0.0011067118085219445
-0.00032227044689026605,0.0015144855013639246,0.0027780978333565008,0.009467027281068201,0.014940447041640501,0.009625801819294927,0.004661944583603501
-0.0034378901664268617,-0.0026067468684538198,0.0026119841291195414,0.004911026045483067,-0.018904768948188367,0.0009352263692811095,-0.0035297669030642537
-0.0001006709757407043,0.0014073570244571127,0.02179898064804692,0.013792988362028738,0.01382930399360581,0.012957724119082626,-0.0011262571180084128
-0.003498682005930272,-0.003582375427132228,-0.008218653282849198,-0.005872860623979787,-0.005792845510619849,-2.4482583794280367e-05,-0.000670927028861215
0.008081593588823774,0.006733470938375404,-0.006600994750188972,-0.004854139161675615,-0.0059761232736256715,0.0010126859305677617,-0.0007183605986813262
0.007674171686856713,0.007635339186422564,0.004155944332720732,0.01303515685844321,0.014861502816109916,0.0002825578112420336,0.0033059728357262208
-0.0011111042914176386,-0.0028159146640217092,0.01039634155317325,-0.0016961377050804822,0.01370452396426924,-0.005421714364213489,0.002939773586833944
-0.012466051740310923,-0.016254887975175013,-0.011417123175815384,-0.01110898241162541,-0.006408321310882562,-0.0021679751087253923,-0.008332588631107557
7.951784099859473e-05,0.0024893430268468296,0.015832014493979186,0.01491444669705665,0.018537290821010313,0.014016417331092304,0.0038053528833317403
-0.001135538921141561,-0.00015882423051089326,0.012528021445491842,0.008978480193399184,0.01313968924104275,0.0050388774354574815,-0.004725563311542094
0.005891185975329828,0.005173037537411116,-0.005443683882818769,-0.0035817552613035615,-0.00633762840908516,0.00024917934429120734,-0.0008074551406366837
-0.004315023061828776,-0.0012187123100243715,-0.009060617773623604,-0.0028492793896798493,-0.014371667405463869,-0.008266833113441561,-0.0013772725662522009
-0.00680934751426041,-0.00768140580663218,-0.011725171987423582,-0.009527330903885273,-0.007637515150826867,-0.0028034422921764234,-0.00843014220685095
0.004136541006680017,0.005108826723669778,-0.007507598443336513,-0.0024649543291974,-0.004912671367298378,-0.0018999208380675984,-0.00022455754772686642
0.0074285243166553085,0.006397084641632754,-0.005881476066623463,-0.004817649729760324,-0.006532920953433067,0.0012788811438902883,-0.0006288997762921249
0.009804132859383963,0.008358757303723319,-0.0030026493848322945,-0.0031030721142062197,-0.004861152531856638,-0.0014214382816865705,-0.00016490666156295186
-0.005057001464602492,-0.0037922042947145704,-0.0076467949971281216,-0.00562064900986567,-0.005609047485313321,-0.00103690680532724,0.0005635427200840502
0.0038159149232570755,0.003988622257593653,0.015351895093729593,0.013874061738510213,0.0162249591947233,0.01329174352198615,0.003236380579760898
-0.0029652571869514515,-0.0024288868678476487,-0.007779556882730801,0.00016090047905142132,-0.01100963960785301,-0.0012209176236892907,-0.0019980225422372468
0.008375374306587965,0.006437081460013764,-0.0048652123025708285,-0.005337748878797626,-0.007066015989717113,0.002060826906499173,-0.0012462435612337261
-0.003163777470186764,-0.0029685030138913377,0.011961642187063127,-0.005085079870124071,0.01339273755304372,-0.006150244893385486,0.0020257352869512326
0.0009577768754215597,0.0026974243282507347,-0.007598991167372681,-0.0010028058682927594,-0.007648604021646007,-0.0021606551694042845,0.00022724957023036215
0.004042494299325715,0.005158584222221606,-0.007264162032927045,-0.0023317588413045262,-0.005196998131372225,-0.0021008223744685066,-8.915100512620591e-05
0.010054189268203619,0.009674115142761838,0.017519288027028762,0.016843896086325076,0.020512712166279458,0.015916840094282236,0.008643815388442966
0.009656114210518183,0.0094205083813629,0.014971936337907851,0.01684661569373978,0.020493724885531202,0.015854396975315196,0.009137468609251072
-0.00557928818757378,-0.006420203431148408,0.013805266832572383,0.009120036811536433,0.01353364800233296,0.002564370350066586,0.0015859498771256325
-0.011592462759040786,-0.015574275719493609,-0.005259064961360354,-0.011797793651859454,-0.006877351622364976,0.0008947634396842853,-0.0069814976755133125
-0.004829418235257007,-0.004224024836682895,-0.0057086297561753105,-0.004748623257610689,-0.00611480812181466,-0.0033867463197899223,0.0003875008754651564
0.006883261911892136,0.0058505500659167585,-0.0034751157215579796,-0.0023696009329719314,-0.006611948690381832,-0.0014422335976282748,-0.00032297184554813647
0.010757341466034874,0.010401043262743413,-0.003607006401618734,-0.0033930094113726736,-0.004822668228097785,6.974667404825098e-05,-0.0005094449047151562
-0.0004870592104622968,0.0020964766993431375,0.020165932303065133,0.00960432226040486,0.014664096538605696,0.0066017435416368744,-0.0018581122881180944
-0.003175524313590033,-0.0033355553141224126,0.0114784244655753,-0.0035370697450944366,0.01407588728791735,-0.004265296040640777,0.0027207379582109663
-0.0030913020000598325,-0.0014650476688302008,-0.005331501669226753,-0.0001243396016815607,-0.01810858882035653,-0.0072239477443788065,-0.0009095632528444345
-0.00091228354962604,-0.0013903755871135254,0.016570428372081916,0.012843183765778534,0.012791844869964035,0.010351766041123527,-0.0029497489116209865
-0.01199211118002526,-0.015942185979535988,-0.009546824159017564,-0.010412150730673291,-0.005681106292825725,-0.002189327921467136,-0.007555608906093312
-0.006994605932366318,-0.008823945432158004,-0.006985623113848776,-0.003960476694889245,-0.004958209824404451,-0.0018259076834324878,0.004556966953093725
-0.0013685104978057834,-0.0018394191377746588,0.006436315685962588,-0.006606387831153219,0.013515171307549931,-0.001403018089461951,0.002496006184612557
-0.008481953710458267,-0.011330362954965773,-0.007452455537616012,-0.005113097316005269,-0.005931883728775531,0.0004417969179688824,0.006602080957898879
0.009802751391881066,0.008344537835759051,-0.0029106417515937584,-0.002912142814464681,-0.0047013155600490845,-0.0022845059822571,-9.631236446851747e-05
0.0052090777101149515,0.004995380320887997,-0.010295135313108418,-0.005111058702321379,-0.006149285764798346,0.001320404252633692,-0.0007864194887479926
